subject,run,roi,pe,mean_beta
7001,learn_1,putam,1,-30.163436889648438
7001,learn_1,putam,2,-25.806922912597656
7001,learn_2,putam,1,32.56143569946289
7001,learn_2,putam,2,114.4425277709961
7001,reverse_1,putam,1,128.2332000732422
7001,reverse_1,putam,2,48.586463928222656
7001,reverse_2,putam,1,35.882423400878906
7001,reverse_2,putam,2,7.853512978828192e-11
7001,learn_1,caud,1,-9.811993598937988
7001,learn_1,caud,2,81.74718475341797
7001,learn_2,caud,1,15.264458656311035
7001,learn_2,caud,2,206.12179565429688
7001,reverse_1,caud,1,128.25779724121094
7001,reverse_1,caud,2,129.94151306152344
7001,reverse_2,caud,1,116.03577423095703
7001,reverse_2,caud,2,7.766374349182925e-11
7001,learn_1,hipp,1,5.051084995269775
7001,learn_1,hipp,2,37.905155181884766
7001,learn_2,hipp,1,-38.517147064208984
7001,learn_2,hipp,2,58.588523864746094
7001,reverse_1,hipp,1,64.01968383789062
7001,reverse_1,hipp,2,35.76417541503906
7001,reverse_2,hipp,1,84.52225494384766
7001,reverse_2,hipp,2,4.896956729005808e-10
7001,learn_1,NAcc,1,-55.769840240478516
7001,learn_1,NAcc,2,-52.39088821411133
7001,learn_2,NAcc,1,-27.806840896606445
7001,learn_2,NAcc,2,274.1910705566406
7001,reverse_1,NAcc,1,67.51818084716797
7001,reverse_1,NAcc,2,-15.987093925476074
7001,reverse_2,NAcc,1,23.559701919555664
7001,reverse_2,NAcc,2,-4.080253357408026e-10
7001,learn_1,amyg,1,-2.6956899166107178
7001,learn_1,amyg,2,43.95725631713867
7001,learn_2,amyg,1,8.578314781188965
7001,learn_2,amyg,2,-53.641334533691406
7001,reverse_1,amyg,1,-10.176857948303223
7001,reverse_1,amyg,2,-44.21036148071289
7001,reverse_2,amyg,1,140.97967529296875
7001,reverse_2,amyg,2,7.254773448650553e-10
7002,learn_1,putam,1,-12.40510082244873
7002,learn_1,putam,2,-18.753650665283203
7002,learn_2,putam,1,-33.1147575378418
7002,learn_2,putam,2,-60.83365249633789
7002,reverse_1,putam,1,0.9430676102638245
7002,reverse_1,putam,2,-9.59827709197998
7002,reverse_2,putam,1,55.17524719238281
7002,reverse_2,putam,2,37.25992202758789
7002,learn_1,caud,1,-19.775907516479492
7002,learn_1,caud,2,14.591974258422852
7002,learn_2,caud,1,-10.010746955871582
7002,learn_2,caud,2,41.540592193603516
7002,reverse_1,caud,1,-44.458641052246094
7002,reverse_1,caud,2,13.90589427947998
7002,reverse_2,caud,1,16.225906372070312
7002,reverse_2,caud,2,86.58973693847656
7002,learn_1,hipp,1,-43.70549011230469
7002,learn_1,hipp,2,-43.62872314453125
7002,learn_2,hipp,1,-94.31796264648438
7002,learn_2,hipp,2,-142.56661987304688
7002,reverse_1,hipp,1,-38.98311233520508
7002,reverse_1,hipp,2,-21.241819381713867
7002,reverse_2,hipp,1,-39.05963897705078
7002,reverse_2,hipp,2,5.192561149597168
7002,learn_1,NAcc,1,-54.85236358642578
7002,learn_1,NAcc,2,-78.58435821533203
7002,learn_2,NAcc,1,-66.2716064453125
7002,learn_2,NAcc,2,-145.33966064453125
7002,reverse_1,NAcc,1,-75.4999771118164
7002,reverse_1,NAcc,2,-84.00228881835938
7002,reverse_2,NAcc,1,4.772766590118408
7002,reverse_2,NAcc,2,-47.56373977661133
7002,learn_1,amyg,1,-53.4613151550293
7002,learn_1,amyg,2,-68.87238311767578
7002,learn_2,amyg,1,-44.496402740478516
7002,learn_2,amyg,2,-162.6081085205078
7002,reverse_1,amyg,1,-10.412662506103516
7002,reverse_1,amyg,2,-25.71127700805664
7002,reverse_2,amyg,1,-25.373260498046875
7002,reverse_2,amyg,2,-28.171358108520508
7004,learn_1,putam,1,65.78755950927734
7004,learn_1,putam,2,-33.45295715332031
7004,learn_2,putam,1,2.864201545715332
7004,learn_2,putam,2,8.910981178283691
7004,reverse_1,putam,1,11.845758438110352
7004,reverse_1,putam,2,28.501001358032227
7004,reverse_2,putam,1,48.999271392822266
7004,reverse_2,putam,2,179.45645141601562
7004,learn_1,caud,1,69.63163757324219
7004,learn_1,caud,2,-8.74418830871582
7004,learn_2,caud,1,-12.12071704864502
7004,learn_2,caud,2,0.09351494163274765
7004,reverse_1,caud,1,27.296850204467773
7004,reverse_1,caud,2,43.251380920410156
7004,reverse_2,caud,1,67.5619125366211
7004,reverse_2,caud,2,258.5613098144531
7004,learn_1,hipp,1,14.344308853149414
7004,learn_1,hipp,2,-21.337148666381836
7004,learn_2,hipp,1,-12.159072875976562
7004,learn_2,hipp,2,-72.8838882446289
7004,reverse_1,hipp,1,5.294652462005615
7004,reverse_1,hipp,2,33.3406982421875
7004,reverse_2,hipp,1,48.618038177490234
7004,reverse_2,hipp,2,86.86663055419922
7004,learn_1,NAcc,1,4.986132621765137
7004,learn_1,NAcc,2,-66.8014144897461
7004,learn_2,NAcc,1,-51.440162658691406
7004,learn_2,NAcc,2,-86.39925384521484
7004,reverse_1,NAcc,1,30.777870178222656
7004,reverse_1,NAcc,2,20.958845138549805
7004,reverse_2,NAcc,1,-7.244695663452148
7004,reverse_2,NAcc,2,99.8927993774414
7004,learn_1,amyg,1,7.114992141723633
7004,learn_1,amyg,2,-24.304349899291992
7004,learn_2,amyg,1,2.2016754150390625
7004,learn_2,amyg,2,-111.26777648925781
7004,reverse_1,amyg,1,1.6880258321762085
7004,reverse_1,amyg,2,-34.25128173828125
7004,reverse_2,amyg,1,49.5374755859375
7004,reverse_2,amyg,2,185.6145477294922
7005,learn_1,putam,1,-7.152436256408691
7005,learn_1,putam,2,-26.680822372436523
7005,learn_2,putam,1,-13.495784759521484
7005,learn_2,putam,2,-65.63523864746094
7005,reverse_1,putam,1,4.963901519775391
7005,reverse_1,putam,2,9.185139656066895
7005,reverse_2,putam,1,42.771629333496094
7005,reverse_2,putam,2,-73.02120208740234
7005,learn_1,caud,1,-5.4791693687438965
7005,learn_1,caud,2,-14.172012329101562
7005,learn_2,caud,1,22.927492141723633
7005,learn_2,caud,2,38.53046417236328
7005,reverse_1,caud,1,57.79296875
7005,reverse_1,caud,2,59.093345642089844
7005,reverse_2,caud,1,40.80101776123047
7005,reverse_2,caud,2,63.725669860839844
7005,learn_1,hipp,1,-7.103450775146484
7005,learn_1,hipp,2,-25.538949966430664
7005,learn_2,hipp,1,16.84478759765625
7005,learn_2,hipp,2,11.103277206420898
7005,reverse_1,hipp,1,-2.876070737838745
7005,reverse_1,hipp,2,-27.12751579284668
7005,reverse_2,hipp,1,10.830885887145996
7005,reverse_2,hipp,2,59.58551025390625
7005,learn_1,NAcc,1,-30.027793884277344
7005,learn_1,NAcc,2,-141.52467346191406
7005,learn_2,NAcc,1,-118.4579086303711
7005,learn_2,NAcc,2,-203.49806213378906
7005,reverse_1,NAcc,1,-28.475509643554688
7005,reverse_1,NAcc,2,-48.08834457397461
7005,reverse_2,NAcc,1,-8.439249992370605
7005,reverse_2,NAcc,2,-105.96111297607422
7005,learn_1,amyg,1,-5.982913494110107
7005,learn_1,amyg,2,-39.05561065673828
7005,learn_2,amyg,1,-35.33705139160156
7005,learn_2,amyg,2,-3.066901683807373
7005,reverse_1,amyg,1,-5.747661113739014
7005,reverse_1,amyg,2,-43.882240295410156
7005,reverse_2,amyg,1,32.40684127807617
7005,reverse_2,amyg,2,166.2909698486328
7006,learn_1,putam,1,-28.35524559020996
7006,learn_1,putam,2,-15.379267692565918
7006,learn_2,putam,1,22.745988845825195
7006,learn_2,putam,2,24.028226852416992
7006,reverse_1,putam,1,38.28745651245117
7006,reverse_1,putam,2,32.163848876953125
7006,reverse_2,putam,1,24.169536590576172
7006,reverse_2,putam,2,-25.4414005279541
7006,learn_1,caud,1,-39.67963409423828
7006,learn_1,caud,2,-32.324459075927734
7006,learn_2,caud,1,3.6621227264404297
7006,learn_2,caud,2,23.27570152282715
7006,reverse_1,caud,1,41.93490219116211
7006,reverse_1,caud,2,58.26823425292969
7006,reverse_2,caud,1,0.8406938314437866
7006,reverse_2,caud,2,-57.79576873779297
7006,learn_1,hipp,1,-18.208606719970703
7006,learn_1,hipp,2,-28.678348541259766
7006,learn_2,hipp,1,-4.892551898956299
7006,learn_2,hipp,2,-32.06362533569336
7006,reverse_1,hipp,1,14.179397583007812
7006,reverse_1,hipp,2,-18.34707260131836
7006,reverse_2,hipp,1,-27.903749465942383
7006,reverse_2,hipp,2,-29.130691528320312
7006,learn_1,NAcc,1,-48.92219543457031
7006,learn_1,NAcc,2,-2.889690637588501
7006,learn_2,NAcc,1,14.490286827087402
7006,learn_2,NAcc,2,-202.33721923828125
7006,reverse_1,NAcc,1,41.26606369018555
7006,reverse_1,NAcc,2,71.86946105957031
7006,reverse_2,NAcc,1,-32.01803970336914
7006,reverse_2,NAcc,2,-127.1606216430664
7006,learn_1,amyg,1,-2.2355129718780518
7006,learn_1,amyg,2,17.494964599609375
7006,learn_2,amyg,1,-32.10942840576172
7006,learn_2,amyg,2,-12.5574951171875
7006,reverse_1,amyg,1,-0.4688684642314911
7006,reverse_1,amyg,2,15.606521606445312
7006,reverse_2,amyg,1,-14.524689674377441
7006,reverse_2,amyg,2,-38.733150482177734
7008,learn_1,putam,1,9.102317810058594
7008,learn_1,putam,2,-42.00308609008789
7008,learn_2,putam,1,-49.39714050292969
7008,learn_2,putam,2,-29.851661682128906
7008,reverse_1,putam,1,-30.914161682128906
7008,reverse_1,putam,2,-74.6490249633789
7008,reverse_2,putam,1,35.89673614501953
7008,reverse_2,putam,2,-64.40911102294922
7008,learn_1,caud,1,10.261241912841797
7008,learn_1,caud,2,-18.47831916809082
7008,learn_2,caud,1,-73.22762298583984
7008,learn_2,caud,2,91.58830261230469
7008,reverse_1,caud,1,-20.041685104370117
7008,reverse_1,caud,2,-22.839141845703125
7008,reverse_2,caud,1,-4.128675937652588
7008,reverse_2,caud,2,-32.47132873535156
7008,learn_1,hipp,1,-18.118688583374023
7008,learn_1,hipp,2,-47.71052169799805
7008,learn_2,hipp,1,-38.46735763549805
7008,learn_2,hipp,2,36.60057830810547
7008,reverse_1,hipp,1,-45.85825729370117
7008,reverse_1,hipp,2,-38.56073760986328
7008,reverse_2,hipp,1,-7.345835208892822
7008,reverse_2,hipp,2,-19.15772819519043
7008,learn_1,NAcc,1,17.231714248657227
7008,learn_1,NAcc,2,7.137998580932617
7008,learn_2,NAcc,1,11.145623207092285
7008,learn_2,NAcc,2,27.269515991210938
7008,reverse_1,NAcc,1,35.59721374511719
7008,reverse_1,NAcc,2,20.71833610534668
7008,reverse_2,NAcc,1,6.474963665008545
7008,reverse_2,NAcc,2,-111.84789276123047
7008,learn_1,amyg,1,-9.396728515625
7008,learn_1,amyg,2,-44.75487518310547
7008,learn_2,amyg,1,-8.962483406066895
7008,learn_2,amyg,2,3.6126885414123535
7008,reverse_1,amyg,1,-3.0136265754699707
7008,reverse_1,amyg,2,-37.502506256103516
7008,reverse_2,amyg,1,6.2757182121276855
7008,reverse_2,amyg,2,-37.51552963256836
7009,learn_1,putam,1,30.404949188232422
7009,learn_1,putam,2,52.25535583496094
7009,learn_2,putam,1,-98.65398406982422
7009,learn_2,putam,2,-37.5921630859375
7009,reverse_1,putam,1,-24.862972259521484
7009,reverse_1,putam,2,-65.62577819824219
7009,reverse_2,putam,1,0.4101065993309021
7009,reverse_2,putam,2,-84.74475860595703
7009,learn_1,caud,1,15.835175514221191
7009,learn_1,caud,2,73.511962890625
7009,learn_2,caud,1,-96.20376586914062
7009,learn_2,caud,2,-19.22601318359375
7009,reverse_1,caud,1,-21.022262573242188
7009,reverse_1,caud,2,-37.158851623535156
7009,reverse_2,caud,1,-48.579917907714844
7009,reverse_2,caud,2,-91.56573486328125
7009,learn_1,hipp,1,46.499664306640625
7009,learn_1,hipp,2,65.94259643554688
7009,learn_2,hipp,1,-89.69190216064453
7009,learn_2,hipp,2,-83.604248046875
7009,reverse_1,hipp,1,-28.51172637939453
7009,reverse_1,hipp,2,-32.42728805541992
7009,reverse_2,hipp,1,-71.3205337524414
7009,reverse_2,hipp,2,-69.7419204711914
7009,learn_1,NAcc,1,70.36723327636719
7009,learn_1,NAcc,2,40.509037017822266
7009,learn_2,NAcc,1,-145.64720153808594
7009,learn_2,NAcc,2,-82.2654800415039
7009,reverse_1,NAcc,1,-42.200462341308594
7009,reverse_1,NAcc,2,-102.22434997558594
7009,reverse_2,NAcc,1,11.726591110229492
7009,reverse_2,NAcc,2,-12.860111236572266
7009,learn_1,amyg,1,80.55230712890625
7009,learn_1,amyg,2,-11.938507080078125
7009,learn_2,amyg,1,-19.130474090576172
7009,learn_2,amyg,2,-89.17887878417969
7009,reverse_1,amyg,1,-30.669574737548828
7009,reverse_1,amyg,2,19.66192626953125
7009,reverse_2,amyg,1,-78.46198272705078
7009,reverse_2,amyg,2,3.8642444610595703
7010,learn_1,putam,1,-4.201719760894775
7010,learn_1,putam,2,-23.774459838867188
7010,learn_2,putam,1,10.677924156188965
7010,learn_2,putam,2,1.047093391418457
7010,reverse_1,putam,1,-7.362452507019043
7010,reverse_1,putam,2,-21.0599365234375
7010,reverse_2,putam,1,20.784912109375
7010,reverse_2,putam,2,-36.224143981933594
7010,learn_1,caud,1,-0.5645506978034973
7010,learn_1,caud,2,-33.362831115722656
7010,learn_2,caud,1,-4.390431880950928
7010,learn_2,caud,2,-5.09620475769043
7010,reverse_1,caud,1,-8.007206916809082
7010,reverse_1,caud,2,-25.709030151367188
7010,reverse_2,caud,1,-10.347522735595703
7010,reverse_2,caud,2,-122.45710754394531
7010,learn_1,hipp,1,2.4437313079833984
7010,learn_1,hipp,2,-14.612611770629883
7010,learn_2,hipp,1,-5.921367645263672
7010,learn_2,hipp,2,-28.60133934020996
7010,reverse_1,hipp,1,-12.580389976501465
7010,reverse_1,hipp,2,-47.430362701416016
7010,reverse_2,hipp,1,6.789175033569336
7010,reverse_2,hipp,2,-24.625085830688477
7010,learn_1,NAcc,1,-32.145240783691406
7010,learn_1,NAcc,2,-60.436161041259766
7010,learn_2,NAcc,1,8.745843887329102
7010,learn_2,NAcc,2,-15.038134574890137
7010,reverse_1,NAcc,1,4.575708389282227
7010,reverse_1,NAcc,2,-15.21476936340332
7010,reverse_2,NAcc,1,-27.197731018066406
7010,reverse_2,NAcc,2,-191.35818481445312
7010,learn_1,amyg,1,-30.12021827697754
7010,learn_1,amyg,2,-0.5681491494178772
7010,learn_2,amyg,1,-50.426212310791016
7010,learn_2,amyg,2,-76.72809600830078
7010,reverse_1,amyg,1,5.822266101837158
7010,reverse_1,amyg,2,-60.45079040527344
7010,reverse_2,amyg,1,30.132946014404297
7010,reverse_2,amyg,2,9.56957721710205
7012,learn_1,putam,1,42.50700759887695
7012,learn_1,putam,2,0.8133614659309387
7012,learn_2,putam,1,25.360023498535156
7012,learn_2,putam,2,32.979679107666016
7012,reverse_1,putam,1,-0.3129430413246155
7012,reverse_1,putam,2,-23.184579849243164
7012,reverse_2,putam,1,-10.647135734558105
7012,reverse_2,putam,2,-21.81358528137207
7012,learn_1,caud,1,36.38081359863281
7012,learn_1,caud,2,-21.080936431884766
7012,learn_2,caud,1,36.52123260498047
7012,learn_2,caud,2,44.7347297668457
7012,reverse_1,caud,1,-35.401641845703125
7012,reverse_1,caud,2,-23.02596664428711
7012,reverse_2,caud,1,-34.58952713012695
7012,reverse_2,caud,2,170.3594207763672
7012,learn_1,hipp,1,32.36066436767578
7012,learn_1,hipp,2,-3.7090556621551514
7012,learn_2,hipp,1,-24.85472297668457
7012,learn_2,hipp,2,-46.68769454956055
7012,reverse_1,hipp,1,19.950666427612305
7012,reverse_1,hipp,2,-38.820987701416016
7012,reverse_2,hipp,1,-22.705766677856445
7012,reverse_2,hipp,2,-64.26119232177734
7012,learn_1,NAcc,1,39.79123306274414
7012,learn_1,NAcc,2,9.895014762878418
7012,learn_2,NAcc,1,-25.581932067871094
7012,learn_2,NAcc,2,42.42962646484375
7012,reverse_1,NAcc,1,-83.71756744384766
7012,reverse_1,NAcc,2,-63.503726959228516
7012,reverse_2,NAcc,1,-96.24327850341797
7012,reverse_2,NAcc,2,90.70486450195312
7012,learn_1,amyg,1,42.38872146606445
7012,learn_1,amyg,2,32.93086242675781
7012,learn_2,amyg,1,-13.106186866760254
7012,learn_2,amyg,2,-26.253252029418945
7012,reverse_1,amyg,1,-66.85807037353516
7012,reverse_1,amyg,2,-63.940208435058594
7012,reverse_2,amyg,1,-30.926738739013672
7012,reverse_2,amyg,2,-46.99620819091797
7013,learn_1,putam,1,16.788726806640625
7013,learn_1,putam,2,0.08314771950244904
7013,learn_2,putam,1,18.407062530517578
7013,learn_2,putam,2,1.4538635573213554e-10
7013,reverse_1,putam,1,22.122711181640625
7013,reverse_1,putam,2,-18.642459869384766
7013,reverse_2,putam,1,13.371023178100586
7013,reverse_2,putam,2,-1.3852762270616381e-09
7013,learn_1,caud,1,31.747814178466797
7013,learn_1,caud,2,7.055362224578857
7013,learn_2,caud,1,8.168573379516602
7013,learn_2,caud,2,3.078899080133368e-10
7013,reverse_1,caud,1,26.411663055419922
7013,reverse_1,caud,2,18.9921875
7013,reverse_2,caud,1,17.875062942504883
7013,reverse_2,caud,2,-1.6665133717452818e-09
7013,learn_1,hipp,1,-2.6678202152252197
7013,learn_1,hipp,2,-0.18982143700122833
7013,learn_2,hipp,1,15.60018539428711
7013,learn_2,hipp,2,1.0872433509057089e-10
7013,reverse_1,hipp,1,-8.502305030822754
7013,reverse_1,hipp,2,-30.953020095825195
7013,reverse_2,hipp,1,-4.126523017883301
7013,reverse_2,hipp,2,-2.095545736935378e-09
7013,learn_1,NAcc,1,-18.888490676879883
7013,learn_1,NAcc,2,-31.155736923217773
7013,learn_2,NAcc,1,-24.908092498779297
7013,learn_2,NAcc,2,4.791595453745856e-10
7013,reverse_1,NAcc,1,-35.20732498168945
7013,reverse_1,NAcc,2,-88.38143157958984
7013,reverse_2,NAcc,1,-17.894868850708008
7013,reverse_2,NAcc,2,-1.866288457108567e-09
7013,learn_1,amyg,1,2.948058605194092
7013,learn_1,amyg,2,10.536735534667969
7013,learn_2,amyg,1,4.6251749992370605
7013,learn_2,amyg,2,6.132009396780935e-12
7013,reverse_1,amyg,1,6.955080986022949
7013,reverse_1,amyg,2,-25.446632385253906
7013,reverse_2,amyg,1,22.58854103088379
7013,reverse_2,amyg,2,-6.641905359039413e-10
7016,learn_1,putam,1,-3.6580440998077393
7016,learn_1,putam,2,-15.866116523742676
7016,learn_2,putam,1,-38.180015563964844
7016,learn_2,putam,2,-1.569321870803833
7016,reverse_1,putam,1,1.8215217590332031
7016,reverse_1,putam,2,-3.732180118560791
7016,reverse_2,putam,1,54.763545989990234
7016,reverse_2,putam,2,-69.71797943115234
7016,learn_1,caud,1,-12.383525848388672
7016,learn_1,caud,2,-45.04771041870117
7016,learn_2,caud,1,12.644123077392578
7016,learn_2,caud,2,-64.45527648925781
7016,reverse_1,caud,1,-0.3311566412448883
7016,reverse_1,caud,2,-10.28760814666748
7016,reverse_2,caud,1,10.001359939575195
7016,reverse_2,caud,2,19.04031753540039
7016,learn_1,hipp,1,-23.02592658996582
7016,learn_1,hipp,2,-32.663700103759766
7016,learn_2,hipp,1,-5.409188747406006
7016,learn_2,hipp,2,-12.96710205078125
7016,reverse_1,hipp,1,-4.5307793617248535
7016,reverse_1,hipp,2,-94.25289154052734
7016,reverse_2,hipp,1,-26.718536376953125
7016,reverse_2,hipp,2,-81.47460174560547
7016,learn_1,NAcc,1,-8.433150291442871
7016,learn_1,NAcc,2,-119.97979736328125
7016,learn_2,NAcc,1,-24.355972290039062
7016,learn_2,NAcc,2,-118.56515502929688
7016,reverse_1,NAcc,1,-61.60723114013672
7016,reverse_1,NAcc,2,-146.71629333496094
7016,reverse_2,NAcc,1,-8.633687019348145
7016,reverse_2,NAcc,2,-202.5826873779297
7016,learn_1,amyg,1,-41.4034538269043
7016,learn_1,amyg,2,-32.634212493896484
7016,learn_2,amyg,1,19.502044677734375
7016,learn_2,amyg,2,90.90908813476562
7016,reverse_1,amyg,1,-7.597373008728027
7016,reverse_1,amyg,2,-118.37612915039062
7016,reverse_2,amyg,1,6.441127777099609
7016,reverse_2,amyg,2,-39.352821350097656
7017,learn_1,putam,1,-4.161478042602539
7017,learn_1,putam,2,-16.14889907836914
7017,learn_2,putam,1,29.052799224853516
7017,learn_2,putam,2,14.287077903747559
7017,reverse_1,putam,1,-11.134034156799316
7017,reverse_1,putam,2,13.327571868896484
7017,reverse_2,putam,1,-11.086812019348145
7017,reverse_2,putam,2,-13.181295394897461
7017,learn_1,caud,1,-9.314685821533203
7017,learn_1,caud,2,-7.387185096740723
7017,learn_2,caud,1,31.08858299255371
7017,learn_2,caud,2,34.61128234863281
7017,reverse_1,caud,1,-3.0878942012786865
7017,reverse_1,caud,2,38.465511322021484
7017,reverse_2,caud,1,-32.078651428222656
7017,reverse_2,caud,2,-30.90530014038086
7017,learn_1,hipp,1,-18.09687614440918
7017,learn_1,hipp,2,-22.551433563232422
7017,learn_2,hipp,1,27.455554962158203
7017,learn_2,hipp,2,-2.2981011867523193
7017,reverse_1,hipp,1,45.90122985839844
7017,reverse_1,hipp,2,26.962596893310547
7017,reverse_2,hipp,1,-14.860289573669434
7017,reverse_2,hipp,2,54.46989822387695
7017,learn_1,NAcc,1,-18.41999626159668
7017,learn_1,NAcc,2,-27.323280334472656
7017,learn_2,NAcc,1,39.34852600097656
7017,learn_2,NAcc,2,24.484519958496094
7017,reverse_1,NAcc,1,66.59839630126953
7017,reverse_1,NAcc,2,6.338461875915527
7017,reverse_2,NAcc,1,-33.765132904052734
7017,reverse_2,NAcc,2,-34.317169189453125
7017,learn_1,amyg,1,4.791018009185791
7017,learn_1,amyg,2,-9.659070014953613
7017,learn_2,amyg,1,51.30430603027344
7017,learn_2,amyg,2,-6.409116268157959
7017,reverse_1,amyg,1,-57.412872314453125
7017,reverse_1,amyg,2,-34.21950912475586
7017,reverse_2,amyg,1,-41.83282470703125
7017,reverse_2,amyg,2,-9.107929229736328
7018,learn_1,putam,1,-1.3089749813079834
7018,learn_1,putam,2,4.176794052124023
7018,learn_2,putam,1,-23.06092643737793
7018,learn_2,putam,2,12.723838806152344
7018,reverse_1,putam,1,-5.396275043487549
7018,reverse_1,putam,2,-5.753499984741211
7018,reverse_2,putam,1,-18.442522048950195
7018,reverse_2,putam,2,-80.6443862915039
7018,learn_1,caud,1,-15.226821899414062
7018,learn_1,caud,2,-16.772686004638672
7018,learn_2,caud,1,-8.886726379394531
7018,learn_2,caud,2,3.571931838989258
7018,reverse_1,caud,1,-1.082645058631897
7018,reverse_1,caud,2,-24.022384643554688
7018,reverse_2,caud,1,-32.80087661743164
7018,reverse_2,caud,2,-25.631254196166992
7018,learn_1,hipp,1,13.913213729858398
7018,learn_1,hipp,2,-25.131425857543945
7018,learn_2,hipp,1,-5.809004783630371
7018,learn_2,hipp,2,-44.181190490722656
7018,reverse_1,hipp,1,30.49061393737793
7018,reverse_1,hipp,2,25.989620208740234
7018,reverse_2,hipp,1,16.80217933654785
7018,reverse_2,hipp,2,-91.1681900024414
7018,learn_1,NAcc,1,53.180755615234375
7018,learn_1,NAcc,2,-18.124265670776367
7018,learn_2,NAcc,1,10.64356517791748
7018,learn_2,NAcc,2,21.332523345947266
7018,reverse_1,NAcc,1,17.145456314086914
7018,reverse_1,NAcc,2,-68.35692596435547
7018,reverse_2,NAcc,1,-77.87850189208984
7018,reverse_2,NAcc,2,-155.4181365966797
7018,learn_1,amyg,1,-5.699335098266602
7018,learn_1,amyg,2,-73.45074462890625
7018,learn_2,amyg,1,13.173117637634277
7018,learn_2,amyg,2,-45.261192321777344
7018,reverse_1,amyg,1,32.083526611328125
7018,reverse_1,amyg,2,14.53194522857666
7018,reverse_2,amyg,1,42.48979187011719
7018,reverse_2,amyg,2,-14.875191688537598
7021,learn_1,putam,1,-59.819488525390625
7021,learn_1,putam,2,1.2436991930007935
7021,learn_2,putam,1,105.41433715820312
7021,learn_2,putam,2,0.24790094792842865
7021,reverse_1,putam,1,29.303136825561523
7021,reverse_1,putam,2,29.925888061523438
7021,reverse_2,putam,1,-44.597713470458984
7021,reverse_2,putam,2,26.006277084350586
7021,learn_1,caud,1,-26.935882568359375
7021,learn_1,caud,2,-21.019901275634766
7021,learn_2,caud,1,119.94590759277344
7021,learn_2,caud,2,-24.6170711517334
7021,reverse_1,caud,1,-20.375795364379883
7021,reverse_1,caud,2,104.50080871582031
7021,reverse_2,caud,1,-56.22683334350586
7021,reverse_2,caud,2,7.399543762207031
7021,learn_1,hipp,1,-36.5855598449707
7021,learn_1,hipp,2,4.399089336395264
7021,learn_2,hipp,1,110.67349243164062
7021,learn_2,hipp,2,-31.085369110107422
7021,reverse_1,hipp,1,-1.7723839282989502
7021,reverse_1,hipp,2,30.696805953979492
7021,reverse_2,hipp,1,1.6175912618637085
7021,reverse_2,hipp,2,4.707695007324219
7021,learn_1,NAcc,1,-2.9310286045074463
7021,learn_1,NAcc,2,-35.61812973022461
7021,learn_2,NAcc,1,68.24707794189453
7021,learn_2,NAcc,2,-64.77589416503906
7021,reverse_1,NAcc,1,-99.52233123779297
7021,reverse_1,NAcc,2,86.06318664550781
7021,reverse_2,NAcc,1,-61.21748733520508
7021,reverse_2,NAcc,2,47.352684020996094
7021,learn_1,amyg,1,1.367360234260559
7021,learn_1,amyg,2,12.993873596191406
7021,learn_2,amyg,1,148.94589233398438
7021,learn_2,amyg,2,-23.856361389160156
7021,reverse_1,amyg,1,4.207213401794434
7021,reverse_1,amyg,2,-16.136226654052734
7021,reverse_2,amyg,1,49.20088195800781
7021,reverse_2,amyg,2,-1.1527119874954224
7022,learn_1,putam,1,-11.419780731201172
7022,learn_1,putam,2,-16.73282241821289
7022,learn_2,putam,1,-5.283571720123291
7022,learn_2,putam,2,-20.26044273376465
7022,reverse_1,putam,1,-8.132357597351074
7022,reverse_1,putam,2,-13.4232759475708
7022,reverse_2,putam,1,-7.285520553588867
7022,reverse_2,putam,2,-35.148067474365234
7022,learn_1,caud,1,-16.185922622680664
7022,learn_1,caud,2,-37.71897506713867
7022,learn_2,caud,1,-30.656972885131836
7022,learn_2,caud,2,-17.990581512451172
7022,reverse_1,caud,1,7.591257572174072
7022,reverse_1,caud,2,8.6470365524292
7022,reverse_2,caud,1,6.9875102043151855
7022,reverse_2,caud,2,-41.64371109008789
7022,learn_1,hipp,1,-33.228294372558594
7022,learn_1,hipp,2,-20.431304931640625
7022,learn_2,hipp,1,0.6892459392547607
7022,learn_2,hipp,2,-47.41591262817383
7022,reverse_1,hipp,1,-16.533061981201172
7022,reverse_1,hipp,2,-22.890403747558594
7022,reverse_2,hipp,1,-9.472352027893066
7022,reverse_2,hipp,2,-51.19154739379883
7022,learn_1,NAcc,1,26.289588928222656
7022,learn_1,NAcc,2,-30.997392654418945
7022,learn_2,NAcc,1,-22.445865631103516
7022,learn_2,NAcc,2,-67.03363037109375
7022,reverse_1,NAcc,1,-0.2814798355102539
7022,reverse_1,NAcc,2,-47.01240539550781
7022,reverse_2,NAcc,1,55.750389099121094
7022,reverse_2,NAcc,2,-42.73942947387695
7022,learn_1,amyg,1,-5.056141376495361
7022,learn_1,amyg,2,-8.628634452819824
7022,learn_2,amyg,1,16.322465896606445
7022,learn_2,amyg,2,-16.706466674804688
7022,reverse_1,amyg,1,-12.42127513885498
7022,reverse_1,amyg,2,-16.85750389099121
7022,reverse_2,amyg,1,-6.902614116668701
7022,reverse_2,amyg,2,-59.487457275390625
7025,learn_1,putam,1,-12.408391952514648
7025,learn_1,putam,2,-49.6419677734375
7025,learn_2,putam,1,-32.985843658447266
7025,learn_2,putam,2,-34.77200698852539
7025,reverse_1,putam,1,4.2733964920043945
7025,reverse_1,putam,2,-31.235078811645508
7025,reverse_2,putam,1,3.8503310680389404
7025,reverse_2,putam,2,64.778564453125
7025,learn_1,caud,1,-26.90715217590332
7025,learn_1,caud,2,-61.234474182128906
7025,learn_2,caud,1,-21.395063400268555
7025,learn_2,caud,2,-29.04446792602539
7025,reverse_1,caud,1,1.7242627143859863
7025,reverse_1,caud,2,-26.704431533813477
7025,reverse_2,caud,1,-25.7083740234375
7025,reverse_2,caud,2,46.76265335083008
7025,learn_1,hipp,1,-16.538984298706055
7025,learn_1,hipp,2,-29.3365421295166
7025,learn_2,hipp,1,-76.70236206054688
7025,learn_2,hipp,2,-30.696115493774414
7025,reverse_1,hipp,1,-50.63991928100586
7025,reverse_1,hipp,2,-54.03000259399414
7025,reverse_2,hipp,1,-37.36659622192383
7025,reverse_2,hipp,2,44.80848693847656
7025,learn_1,NAcc,1,11.008355140686035
7025,learn_1,NAcc,2,-18.32874298095703
7025,learn_2,NAcc,1,-46.059104919433594
7025,learn_2,NAcc,2,-75.2789306640625
7025,reverse_1,NAcc,1,-34.60040283203125
7025,reverse_1,NAcc,2,-47.37763595581055
7025,reverse_2,NAcc,1,-21.975162506103516
7025,reverse_2,NAcc,2,38.767173767089844
7025,learn_1,amyg,1,-4.640883445739746
7025,learn_1,amyg,2,-9.539856910705566
7025,learn_2,amyg,1,-82.97577667236328
7025,learn_2,amyg,2,-63.34635543823242
7025,reverse_1,amyg,1,-79.13469696044922
7025,reverse_1,amyg,2,-73.45197296142578
7025,reverse_2,amyg,1,-9.058796882629395
7025,reverse_2,amyg,2,39.149147033691406
7026,learn_1,putam,1,44.95314407348633
7026,learn_1,putam,2,-116.87223052978516
7026,learn_2,putam,1,-45.70006561279297
7026,learn_2,putam,2,-136.64260864257812
7026,reverse_1,putam,1,-65.31310272216797
7026,reverse_1,putam,2,-39.94852828979492
7026,reverse_2,putam,1,50.81638717651367
7026,reverse_2,putam,2,216.54611206054688
7026,learn_1,caud,1,3.844090700149536
7026,learn_1,caud,2,-127.29374694824219
7026,learn_2,caud,1,-71.9539566040039
7026,learn_2,caud,2,-45.067298889160156
7026,reverse_1,caud,1,-78.0208511352539
7026,reverse_1,caud,2,-44.66984558105469
7026,reverse_2,caud,1,42.77568054199219
7026,reverse_2,caud,2,282.3226013183594
7026,learn_1,hipp,1,20.09274673461914
7026,learn_1,hipp,2,-76.64118194580078
7026,learn_2,hipp,1,-54.037628173828125
7026,learn_2,hipp,2,-108.54253387451172
7026,reverse_1,hipp,1,-85.69377136230469
7026,reverse_1,hipp,2,-63.65593719482422
7026,reverse_2,hipp,1,57.39932632446289
7026,reverse_2,hipp,2,151.73095703125
7026,learn_1,NAcc,1,0.7968719601631165
7026,learn_1,NAcc,2,-227.85595703125
7026,learn_2,NAcc,1,-53.12117385864258
7026,learn_2,NAcc,2,-57.264129638671875
7026,reverse_1,NAcc,1,-81.94039154052734
7026,reverse_1,NAcc,2,-14.346789360046387
7026,reverse_2,NAcc,1,66.93392944335938
7026,reverse_2,NAcc,2,241.3748016357422
7026,learn_1,amyg,1,-15.204218864440918
7026,learn_1,amyg,2,-155.22909545898438
7026,learn_2,amyg,1,-67.2822494506836
7026,learn_2,amyg,2,-114.75572204589844
7026,reverse_1,amyg,1,-59.08365249633789
7026,reverse_1,amyg,2,-17.292531967163086
7026,reverse_2,amyg,1,35.164005279541016
7026,reverse_2,amyg,2,110.18683624267578
7027,learn_1,putam,1,1.4652206897735596
7027,learn_1,putam,2,-33.81623077392578
7027,learn_2,putam,1,-17.60757827758789
7027,learn_2,putam,2,-9.802574030270961e-11
7027,reverse_1,putam,1,-9.716676712036133
7027,reverse_1,putam,2,-28.79199981689453
7027,reverse_2,putam,1,-4.904668807983398
7027,reverse_2,putam,2,-40.11412811279297
7027,learn_1,caud,1,-7.839983940124512
7027,learn_1,caud,2,-29.090274810791016
7027,learn_2,caud,1,9.43419361114502
7027,learn_2,caud,2,1.2404139347610421e-11
7027,reverse_1,caud,1,-5.110166072845459
7027,reverse_1,caud,2,-26.778352737426758
7027,reverse_2,caud,1,-4.087137699127197
7027,reverse_2,caud,2,39.45620346069336
7027,learn_1,hipp,1,-6.500155925750732
7027,learn_1,hipp,2,5.117581844329834
7027,learn_2,hipp,1,-28.310091018676758
7027,learn_2,hipp,2,2.1390873447546532e-11
7027,reverse_1,hipp,1,-11.941558837890625
7027,reverse_1,hipp,2,-32.77940368652344
7027,reverse_2,hipp,1,-22.130287170410156
7027,reverse_2,hipp,2,75.79724884033203
7027,learn_1,NAcc,1,21.02154541015625
7027,learn_1,NAcc,2,34.98751449584961
7027,learn_2,NAcc,1,-88.74710845947266
7027,learn_2,NAcc,2,-2.3576286756199494e-11
7027,reverse_1,NAcc,1,-55.99074172973633
7027,reverse_1,NAcc,2,-121.42827606201172
7027,reverse_2,NAcc,1,-32.18537139892578
7027,reverse_2,NAcc,2,-23.32706642150879
7027,learn_1,amyg,1,5.359199523925781
7027,learn_1,amyg,2,33.24675369262695
7027,learn_2,amyg,1,-14.669108390808105
7027,learn_2,amyg,2,-1.0967297903174966e-10
7027,reverse_1,amyg,1,-0.6145814657211304
7027,reverse_1,amyg,2,12.855247497558594
7027,reverse_2,amyg,1,-34.498863220214844
7027,reverse_2,amyg,2,37.810543060302734
7028,learn_1,putam,1,30.536998748779297
7028,learn_1,putam,2,-17.346803665161133
7028,learn_2,putam,1,-31.155345916748047
7028,learn_2,putam,2,-109.22696685791016
7028,reverse_1,putam,1,-26.409263610839844
7028,reverse_1,putam,2,34.163482666015625
7028,reverse_2,putam,1,0.1107979491353035
7028,reverse_2,putam,2,185.1107940673828
7028,learn_1,caud,1,22.66558074951172
7028,learn_1,caud,2,43.458003997802734
7028,learn_2,caud,1,-5.681363582611084
7028,learn_2,caud,2,-36.799041748046875
7028,reverse_1,caud,1,-54.725406646728516
7028,reverse_1,caud,2,-4.536789894104004
7028,reverse_2,caud,1,-36.085201263427734
7028,reverse_2,caud,2,160.58663940429688
7028,learn_1,hipp,1,-9.012730598449707
7028,learn_1,hipp,2,3.243363380432129
7028,learn_2,hipp,1,-40.17669677734375
7028,learn_2,hipp,2,-74.7503662109375
7028,reverse_1,hipp,1,30.616403579711914
7028,reverse_1,hipp,2,86.21514892578125
7028,reverse_2,hipp,1,15.141542434692383
7028,reverse_2,hipp,2,215.69430541992188
7028,learn_1,NAcc,1,-40.11674880981445
7028,learn_1,NAcc,2,-85.7196044921875
7028,learn_2,NAcc,1,3.309312105178833
7028,learn_2,NAcc,2,-50.74028778076172
7028,reverse_1,NAcc,1,-79.1279525756836
7028,reverse_1,NAcc,2,-29.737205505371094
7028,reverse_2,NAcc,1,30.606937408447266
7028,reverse_2,NAcc,2,308.1116638183594
7028,learn_1,amyg,1,-84.31095123291016
7028,learn_1,amyg,2,-84.23119354248047
7028,learn_2,amyg,1,-57.7619514465332
7028,learn_2,amyg,2,-63.75654602050781
7028,reverse_1,amyg,1,39.79526901245117
7028,reverse_1,amyg,2,216.53195190429688
7028,reverse_2,amyg,1,75.31441497802734
7028,reverse_2,amyg,2,95.77520751953125
7035,learn_1,putam,1,-7.519585132598877
7035,learn_1,putam,2,-64.3313980102539
7035,learn_2,putam,1,30.419254302978516
7035,learn_2,putam,2,-4.233325356928219e-10
7035,reverse_1,putam,1,-36.09628677368164
7035,reverse_1,putam,2,-38.40951919555664
7035,reverse_2,putam,1,-10.774528503417969
7035,reverse_2,putam,2,-12.796751022338867
7035,learn_1,caud,1,-11.798413276672363
7035,learn_1,caud,2,-38.134647369384766
7035,learn_2,caud,1,37.49756622314453
7035,learn_2,caud,2,-2.3781568381231466e-10
7035,reverse_1,caud,1,-30.640588760375977
7035,reverse_1,caud,2,-40.97773361206055
7035,reverse_2,caud,1,-13.021758079528809
7035,reverse_2,caud,2,13.772920608520508
7035,learn_1,hipp,1,-35.16841125488281
7035,learn_1,hipp,2,-63.2528076171875
7035,learn_2,hipp,1,7.563110828399658
7035,learn_2,hipp,2,-6.204283614641426e-11
7035,reverse_1,hipp,1,-4.968229293823242
7035,reverse_1,hipp,2,-38.691123962402344
7035,reverse_2,hipp,1,-24.32305908203125
7035,reverse_2,hipp,2,-0.051247213035821915
7035,learn_1,NAcc,1,-58.5003776550293
7035,learn_1,NAcc,2,-162.22764587402344
7035,learn_2,NAcc,1,51.59096908569336
7035,learn_2,NAcc,2,-1.0324336940925605e-09
7035,reverse_1,NAcc,1,-56.92291259765625
7035,reverse_1,NAcc,2,-99.56015014648438
7035,reverse_2,NAcc,1,-27.905750274658203
7035,reverse_2,NAcc,2,115.79638671875
7035,learn_1,amyg,1,-7.164076805114746
7035,learn_1,amyg,2,13.314773559570312
7035,learn_2,amyg,1,17.47377586364746
7035,learn_2,amyg,2,7.407953139804135e-10
7035,reverse_1,amyg,1,4.902946472167969
7035,reverse_1,amyg,2,-11.477042198181152
7035,reverse_2,amyg,1,-3.9266586303710938
7035,reverse_2,amyg,2,-34.643192291259766
7037,learn_1,putam,1,-52.0614128112793
7037,learn_1,putam,2,-49.61050033569336
7037,learn_2,putam,1,-12.884227752685547
7037,learn_2,putam,2,10.305877685546875
7037,reverse_1,putam,1,-16.110563278198242
7037,reverse_1,putam,2,-30.46484375
7037,reverse_2,putam,1,-30.176790237426758
7037,reverse_2,putam,2,89.29666900634766
7037,learn_1,caud,1,-33.76428985595703
7037,learn_1,caud,2,-60.823909759521484
7037,learn_2,caud,1,-1.8358964920043945
7037,learn_2,caud,2,-16.503334045410156
7037,reverse_1,caud,1,-56.85863494873047
7037,reverse_1,caud,2,-61.898094177246094
7037,reverse_2,caud,1,-87.06018829345703
7037,reverse_2,caud,2,88.93824768066406
7037,learn_1,hipp,1,-35.36639404296875
7037,learn_1,hipp,2,-81.06019592285156
7037,learn_2,hipp,1,-95.34093475341797
7037,learn_2,hipp,2,-169.7699432373047
7037,reverse_1,hipp,1,-71.82415771484375
7037,reverse_1,hipp,2,-119.7883071899414
7037,reverse_2,hipp,1,-30.154823303222656
7037,reverse_2,hipp,2,50.428321838378906
7037,learn_1,NAcc,1,-81.29808044433594
7037,learn_1,NAcc,2,-108.54048156738281
7037,learn_2,NAcc,1,-12.395069122314453
7037,learn_2,NAcc,2,-109.6966552734375
7037,reverse_1,NAcc,1,-93.54979705810547
7037,reverse_1,NAcc,2,-192.0677032470703
7037,reverse_2,NAcc,1,-116.70991516113281
7037,reverse_2,NAcc,2,-9.751006126403809
7037,learn_1,amyg,1,-33.07607650756836
7037,learn_1,amyg,2,-52.376853942871094
7037,learn_2,amyg,1,-103.36646270751953
7037,learn_2,amyg,2,-275.0247802734375
7037,reverse_1,amyg,1,-13.957797050476074
7037,reverse_1,amyg,2,8.499434471130371
7037,reverse_2,amyg,1,48.47142028808594
7037,reverse_2,amyg,2,198.5604705810547
7040,learn_1,putam,1,-17.438819885253906
7040,learn_1,putam,2,-83.14236450195312
7040,learn_2,putam,1,-26.573205947875977
7040,learn_2,putam,2,-24.789459228515625
7040,reverse_1,putam,1,-19.150943756103516
7040,reverse_1,putam,2,-68.24887084960938
7040,reverse_2,putam,1,-12.432243347167969
7040,reverse_2,putam,2,-72.7430419921875
7040,learn_1,caud,1,-28.619033813476562
7040,learn_1,caud,2,-62.88201904296875
7040,learn_2,caud,1,-44.232513427734375
7040,learn_2,caud,2,-17.88337516784668
7040,reverse_1,caud,1,-58.5186882019043
7040,reverse_1,caud,2,-77.0272216796875
7040,reverse_2,caud,1,1.1882989406585693
7040,reverse_2,caud,2,-8.289850234985352
7040,learn_1,hipp,1,-22.694049835205078
7040,learn_1,hipp,2,-76.16696166992188
7040,learn_2,hipp,1,-41.41970443725586
7040,learn_2,hipp,2,-51.3314094543457
7040,reverse_1,hipp,1,-26.742528915405273
7040,reverse_1,hipp,2,-56.20281982421875
7040,reverse_2,hipp,1,-54.834815979003906
7040,reverse_2,hipp,2,-106.20429229736328
7040,learn_1,NAcc,1,-6.154397010803223
7040,learn_1,NAcc,2,-150.39474487304688
7040,learn_2,NAcc,1,-12.203473091125488
7040,learn_2,NAcc,2,-43.467647552490234
7040,reverse_1,NAcc,1,-148.7001495361328
7040,reverse_1,NAcc,2,-246.42770385742188
7040,reverse_2,NAcc,1,-97.81925201416016
7040,reverse_2,NAcc,2,-142.21485900878906
7040,learn_1,amyg,1,-18.867624282836914
7040,learn_1,amyg,2,-26.773338317871094
7040,learn_2,amyg,1,-13.138901710510254
7040,learn_2,amyg,2,9.063801765441895
7040,reverse_1,amyg,1,-7.644655227661133
7040,reverse_1,amyg,2,-27.611583709716797
7040,reverse_2,amyg,1,-10.303885459899902
7040,reverse_2,amyg,2,-70.40272521972656
7041,learn_1,putam,1,-11.50701904296875
7041,learn_1,putam,2,-40.41845703125
7041,learn_2,putam,1,42.072505950927734
7041,learn_2,putam,2,56.51806640625
7041,reverse_1,putam,1,87.8272933959961
7041,reverse_1,putam,2,-28.894912719726562
7041,reverse_2,putam,1,19.950428009033203
7041,reverse_2,putam,2,-32.50688552856445
7041,learn_1,caud,1,-22.02364158630371
7041,learn_1,caud,2,-50.72340393066406
7041,learn_2,caud,1,-5.49977970123291
7041,learn_2,caud,2,-12.622753143310547
7041,reverse_1,caud,1,39.890724182128906
7041,reverse_1,caud,2,-72.64066314697266
7041,reverse_2,caud,1,7.039946556091309
7041,reverse_2,caud,2,-129.52685546875
7041,learn_1,hipp,1,-57.08510208129883
7041,learn_1,hipp,2,-45.45256423950195
7041,learn_2,hipp,1,9.58445930480957
7041,learn_2,hipp,2,-32.161598205566406
7041,reverse_1,hipp,1,-15.611968994140625
7041,reverse_1,hipp,2,-86.39334106445312
7041,reverse_2,hipp,1,-15.808682441711426
7041,reverse_2,hipp,2,-8.790244102478027
7041,learn_1,NAcc,1,25.557781219482422
7041,learn_1,NAcc,2,-114.78707885742188
7041,learn_2,NAcc,1,-43.231082916259766
7041,learn_2,NAcc,2,-95.27890014648438
7041,reverse_1,NAcc,1,-62.0835075378418
7041,reverse_1,NAcc,2,-193.50721740722656
7041,reverse_2,NAcc,1,27.280460357666016
7041,reverse_2,NAcc,2,6.891173839569092
7041,learn_1,amyg,1,1.0551462173461914
7041,learn_1,amyg,2,-26.605403900146484
7041,learn_2,amyg,1,35.10304260253906
7041,learn_2,amyg,2,57.879638671875
7041,reverse_1,amyg,1,17.103769302368164
7041,reverse_1,amyg,2,-96.5678939819336
7041,reverse_2,amyg,1,35.4998664855957
7041,reverse_2,amyg,2,-3.6847968101501465
7042,learn_1,putam,1,23.992393493652344
7042,learn_1,putam,2,0.2289339303970337
7042,learn_2,putam,1,2.180967092514038
7042,learn_2,putam,2,-36.92007064819336
7042,reverse_1,putam,1,0.17274923622608185
7042,reverse_1,putam,2,-14.293570518493652
7042,reverse_2,putam,1,-5.61568021774292
7042,reverse_2,putam,2,41.555809020996094
7042,learn_1,caud,1,27.20074462890625
7042,learn_1,caud,2,1.6145614385604858
7042,learn_2,caud,1,-9.841537475585938
7042,learn_2,caud,2,-122.22211456298828
7042,reverse_1,caud,1,19.79421043395996
7042,reverse_1,caud,2,45.72612762451172
7042,reverse_2,caud,1,-18.70757484436035
7042,reverse_2,caud,2,61.43770980834961
7042,learn_1,hipp,1,-3.883254051208496
7042,learn_1,hipp,2,-20.192827224731445
7042,learn_2,hipp,1,-7.96284294128418
7042,learn_2,hipp,2,160.24728393554688
7042,reverse_1,hipp,1,16.599285125732422
7042,reverse_1,hipp,2,-29.18267059326172
7042,reverse_2,hipp,1,-110.56957244873047
7042,reverse_2,hipp,2,43.72478485107422
7042,learn_1,NAcc,1,36.98196792602539
7042,learn_1,NAcc,2,13.656087875366211
7042,learn_2,NAcc,1,-36.4241943359375
7042,learn_2,NAcc,2,-62.49693298339844
7042,reverse_1,NAcc,1,32.982059478759766
7042,reverse_1,NAcc,2,34.111881256103516
7042,reverse_2,NAcc,1,-60.1690673828125
7042,reverse_2,NAcc,2,-15.62980842590332
7042,learn_1,amyg,1,7.657254219055176
7042,learn_1,amyg,2,-34.66139221191406
7042,learn_2,amyg,1,15.79986572265625
7042,learn_2,amyg,2,-38.17732620239258
7042,reverse_1,amyg,1,27.698671340942383
7042,reverse_1,amyg,2,-12.637884140014648
7042,reverse_2,amyg,1,30.209341049194336
7042,reverse_2,amyg,2,12.526111602783203
7043,learn_1,putam,1,-48.41376876831055
7043,learn_1,putam,2,-145.82611083984375
7043,learn_2,putam,1,28.966482162475586
7043,learn_2,putam,2,-1.8836012610767838e-11
7043,reverse_1,putam,1,-83.8248062133789
7043,reverse_1,putam,2,-99.5190200805664
7043,reverse_2,putam,1,-38.783180236816406
7043,reverse_2,putam,2,-136.7760467529297
7043,learn_1,caud,1,-5.806718349456787
7043,learn_1,caud,2,-115.15437316894531
7043,learn_2,caud,1,8.386127471923828
7043,learn_2,caud,2,1.5095703853607034e-10
7043,reverse_1,caud,1,-46.42482376098633
7043,reverse_1,caud,2,-12.87567138671875
7043,reverse_2,caud,1,-14.351137161254883
7043,reverse_2,caud,2,-7.411179542541504
7043,learn_1,hipp,1,-8.165942192077637
7043,learn_1,hipp,2,-84.82225799560547
7043,learn_2,hipp,1,14.649580955505371
7043,learn_2,hipp,2,-2.1909841996237134e-10
7043,reverse_1,hipp,1,16.742673873901367
7043,reverse_1,hipp,2,-45.76103973388672
7043,reverse_2,hipp,1,8.67788028717041
7043,reverse_2,hipp,2,-36.39271926879883
7043,learn_1,NAcc,1,-28.80137825012207
7043,learn_1,NAcc,2,-193.24227905273438
7043,learn_2,NAcc,1,-11.605106353759766
7043,learn_2,NAcc,2,4.367592676413068e-10
7043,reverse_1,NAcc,1,-60.024906158447266
7043,reverse_1,NAcc,2,-88.56672668457031
7043,reverse_2,NAcc,1,-16.42225456237793
7043,reverse_2,NAcc,2,-156.2523651123047
7043,learn_1,amyg,1,7.359409332275391
7043,learn_1,amyg,2,-160.82041931152344
7043,learn_2,amyg,1,9.925909996032715
7043,learn_2,amyg,2,6.879128516823485e-11
7043,reverse_1,amyg,1,-37.777164459228516
7043,reverse_1,amyg,2,-89.06398010253906
7043,reverse_2,amyg,1,-37.407752990722656
7043,reverse_2,amyg,2,-320.529052734375
7045,learn_1,putam,1,47.40604019165039
7045,learn_1,putam,2,16.08816146850586
7045,learn_2,putam,1,-15.055715560913086
7045,learn_2,putam,2,-33.521156311035156
7045,reverse_1,putam,1,-9.944281578063965
7045,reverse_1,putam,2,-0.22034771740436554
7045,reverse_2,putam,1,8.002199172973633
7045,reverse_2,putam,2,-62.05113220214844
7045,learn_1,caud,1,48.552066802978516
7045,learn_1,caud,2,63.546363830566406
7045,learn_2,caud,1,-38.083309173583984
7045,learn_2,caud,2,3.6290953159332275
7045,reverse_1,caud,1,-45.924072265625
7045,reverse_1,caud,2,-33.601314544677734
7045,reverse_2,caud,1,1.6477813720703125
7045,reverse_2,caud,2,-47.84795379638672
7045,learn_1,hipp,1,8.66939926147461
7045,learn_1,hipp,2,22.646617889404297
7045,learn_2,hipp,1,-12.26274299621582
7045,learn_2,hipp,2,13.364946365356445
7045,reverse_1,hipp,1,-14.533801078796387
7045,reverse_1,hipp,2,5.393165111541748
7045,reverse_2,hipp,1,-38.66978073120117
7045,reverse_2,hipp,2,-82.89716339111328
7045,learn_1,NAcc,1,38.7287483215332
7045,learn_1,NAcc,2,-2.769052028656006
7045,learn_2,NAcc,1,-27.944171905517578
7045,learn_2,NAcc,2,-3.774939775466919
7045,reverse_1,NAcc,1,9.470623970031738
7045,reverse_1,NAcc,2,6.814813137054443
7045,reverse_2,NAcc,1,-13.701273918151855
7045,reverse_2,NAcc,2,-72.18232727050781
7045,learn_1,amyg,1,46.22850036621094
7045,learn_1,amyg,2,-3.6888999938964844
7045,learn_2,amyg,1,9.358013153076172
7045,learn_2,amyg,2,-14.333508491516113
7045,reverse_1,amyg,1,-31.513851165771484
7045,reverse_1,amyg,2,11.08309268951416
7045,reverse_2,amyg,1,-24.95615005493164
7045,reverse_2,amyg,2,-54.704246520996094
7046,learn_1,putam,1,45.86396789550781
7046,learn_1,putam,2,-20.080951690673828
7046,learn_2,putam,1,36.92573547363281
7046,learn_2,putam,2,-105.85150909423828
7046,reverse_1,putam,1,60.08192443847656
7046,reverse_1,putam,2,16.216297149658203
7046,learn_1,caud,1,49.702030181884766
7046,learn_1,caud,2,-2.401632070541382
7046,learn_2,caud,1,86.26670837402344
7046,learn_2,caud,2,-42.3038330078125
7046,reverse_1,caud,1,42.657196044921875
7046,reverse_1,caud,2,10.561258316040039
7046,learn_1,hipp,1,17.361154556274414
7046,learn_1,hipp,2,-14.6803617477417
7046,learn_2,hipp,1,57.91372299194336
7046,learn_2,hipp,2,-45.49659729003906
7046,reverse_1,hipp,1,3.303650140762329
7046,reverse_1,hipp,2,43.017822265625
7046,learn_1,NAcc,1,23.547286987304688
7046,learn_1,NAcc,2,-34.24533462524414
7046,learn_2,NAcc,1,13.006524085998535
7046,learn_2,NAcc,2,-116.61163330078125
7046,reverse_1,NAcc,1,49.070133209228516
7046,reverse_1,NAcc,2,-77.29924011230469
7046,learn_1,amyg,1,38.56732940673828
7046,learn_1,amyg,2,-27.270599365234375
7046,learn_2,amyg,1,49.650978088378906
7046,learn_2,amyg,2,-102.56001281738281
7046,reverse_1,amyg,1,1.3207299709320068
7046,reverse_1,amyg,2,46.597572326660156
7049,learn_1,putam,1,-9.892733573913574
7049,learn_1,putam,2,-1.159927487373352
7049,learn_2,putam,1,-6.981027126312256
7049,learn_2,putam,2,-18.981399536132812
7049,reverse_1,putam,1,-48.47935104370117
7049,reverse_1,putam,2,-42.656978607177734
7049,reverse_2,putam,1,-34.71373748779297
7049,reverse_2,putam,2,-12.603434562683105
7049,learn_1,caud,1,11.12024211883545
7049,learn_1,caud,2,57.48828125
7049,learn_2,caud,1,28.078350067138672
7049,learn_2,caud,2,18.18768310546875
7049,reverse_1,caud,1,-23.741943359375
7049,reverse_1,caud,2,-8.762579917907715
7049,reverse_2,caud,1,-20.705629348754883
7049,reverse_2,caud,2,-13.440657615661621
7049,learn_1,hipp,1,-30.29025650024414
7049,learn_1,hipp,2,-27.321876525878906
7049,learn_2,hipp,1,-9.09841537475586
7049,learn_2,hipp,2,-15.450685501098633
7049,reverse_1,hipp,1,-31.86075782775879
7049,reverse_1,hipp,2,-39.59114456176758
7049,reverse_2,hipp,1,-42.93928146362305
7049,reverse_2,hipp,2,-21.411640167236328
7049,learn_1,NAcc,1,-28.402294158935547
7049,learn_1,NAcc,2,-29.5492000579834
7049,learn_2,NAcc,1,-24.19109535217285
7049,learn_2,NAcc,2,-25.046667098999023
7049,reverse_1,NAcc,1,-15.702977180480957
7049,reverse_1,NAcc,2,-30.183258056640625
7049,reverse_2,NAcc,1,-11.993738174438477
7049,reverse_2,NAcc,2,-20.159038543701172
7049,learn_1,amyg,1,-24.08177375793457
7049,learn_1,amyg,2,-36.09274673461914
7049,learn_2,amyg,1,-21.3311824798584
7049,learn_2,amyg,2,-54.463260650634766
7049,reverse_1,amyg,1,-78.7218246459961
7049,reverse_1,amyg,2,-75.59257507324219
7049,reverse_2,amyg,1,-53.51484298706055
7049,reverse_2,amyg,2,-29.229934692382812
7050,learn_1,putam,1,18.456783294677734
7050,learn_1,putam,2,-0.019235000014305115
7050,learn_2,putam,1,-51.95439147949219
7050,learn_2,putam,2,-41.30574417114258
7050,reverse_1,putam,1,14.498379707336426
7050,reverse_1,putam,2,-9.125194549560547
7050,reverse_2,putam,1,8.804520606994629
7050,reverse_2,putam,2,-9.873954772949219
7050,learn_1,caud,1,26.40287971496582
7050,learn_1,caud,2,-6.382119178771973
7050,learn_2,caud,1,-84.6938705444336
7050,learn_2,caud,2,-96.6404037475586
7050,reverse_1,caud,1,-3.7970046997070312
7050,reverse_1,caud,2,-46.67234420776367
7050,reverse_2,caud,1,24.39607810974121
7050,reverse_2,caud,2,20.687057495117188
7050,learn_1,hipp,1,11.459766387939453
7050,learn_1,hipp,2,-30.377798080444336
7050,learn_2,hipp,1,-30.217769622802734
7050,learn_2,hipp,2,-36.18489074707031
7050,reverse_1,hipp,1,-8.359526634216309
7050,reverse_1,hipp,2,-98.06927490234375
7050,reverse_2,hipp,1,22.28314971923828
7050,reverse_2,hipp,2,-9.964576721191406
7050,learn_1,NAcc,1,30.914587020874023
7050,learn_1,NAcc,2,-62.74755859375
7050,learn_2,NAcc,1,-54.11902618408203
7050,learn_2,NAcc,2,-125.37831115722656
7050,reverse_1,NAcc,1,-49.71747970581055
7050,reverse_1,NAcc,2,-130.16184997558594
7050,reverse_2,NAcc,1,-7.033801078796387
7050,reverse_2,NAcc,2,-105.10161590576172
7050,learn_1,amyg,1,36.475807189941406
7050,learn_1,amyg,2,-15.544942855834961
7050,learn_2,amyg,1,-46.84421157836914
7050,learn_2,amyg,2,-83.99652862548828
7050,reverse_1,amyg,1,-24.563674926757812
7050,reverse_1,amyg,2,-92.90385437011719
7050,reverse_2,amyg,1,-1.5385099649429321
7050,reverse_2,amyg,2,-22.843793869018555
7051,learn_1,putam,1,10.532365798950195
7051,learn_1,putam,2,7.745204925537109
7051,learn_2,putam,1,-22.92264175415039
7051,learn_2,putam,2,-86.29327392578125
7051,reverse_1,putam,1,1.6352752447128296
7051,reverse_1,putam,2,-27.329511642456055
7051,reverse_2,putam,1,-10.244865417480469
7051,reverse_2,putam,2,-97.5707778930664
7051,learn_1,caud,1,4.715976238250732
7051,learn_1,caud,2,-1.6836063861846924
7051,learn_2,caud,1,-27.339649200439453
7051,learn_2,caud,2,-42.46329116821289
7051,reverse_1,caud,1,-14.301776885986328
7051,reverse_1,caud,2,-10.858915328979492
7051,reverse_2,caud,1,-19.565547943115234
7051,reverse_2,caud,2,-89.45169830322266
7051,learn_1,hipp,1,21.368173599243164
7051,learn_1,hipp,2,-0.9628103971481323
7051,learn_2,hipp,1,10.478331565856934
7051,learn_2,hipp,2,24.510507583618164
7051,reverse_1,hipp,1,-9.747695922851562
7051,reverse_1,hipp,2,-23.099756240844727
7051,reverse_2,hipp,1,27.431913375854492
7051,reverse_2,hipp,2,-32.54529571533203
7051,learn_1,NAcc,1,-0.48582640290260315
7051,learn_1,NAcc,2,-40.11265563964844
7051,learn_2,NAcc,1,-71.6706771850586
7051,learn_2,NAcc,2,51.53163528442383
7051,reverse_1,NAcc,1,-11.977755546569824
7051,reverse_1,NAcc,2,-43.84586715698242
7051,reverse_2,NAcc,1,-15.723772048950195
7051,reverse_2,NAcc,2,-39.32225799560547
7051,learn_1,amyg,1,12.91420841217041
7051,learn_1,amyg,2,-25.884233474731445
7051,learn_2,amyg,1,10.548824310302734
7051,learn_2,amyg,2,-14.26051139831543
7051,reverse_1,amyg,1,8.83591079711914
7051,reverse_1,amyg,2,0.7500354647636414
7051,reverse_2,amyg,1,48.86882400512695
7051,reverse_2,amyg,2,-16.031862258911133
7052,learn_1,putam,1,-9.962491035461426
7052,learn_1,putam,2,13.75245189666748
7052,learn_2,putam,1,17.107202529907227
7052,learn_2,putam,2,-36.04594802856445
7052,reverse_1,putam,1,-32.47252655029297
7052,reverse_1,putam,2,62.18566131591797
7052,learn_1,caud,1,-56.909549713134766
7052,learn_1,caud,2,-64.3729248046875
7052,learn_2,caud,1,107.41474151611328
7052,learn_2,caud,2,31.9421443939209
7052,reverse_1,caud,1,-89.1668930053711
7052,reverse_1,caud,2,96.68702697753906
7052,learn_1,hipp,1,-15.612253189086914
7052,learn_1,hipp,2,30.069578170776367
7052,learn_2,hipp,1,-2.3748629093170166
7052,learn_2,hipp,2,-77.24702453613281
7052,reverse_1,hipp,1,-80.31603240966797
7052,reverse_1,hipp,2,-38.25327682495117
7052,learn_1,NAcc,1,-74.59794616699219
7052,learn_1,NAcc,2,-9.55473518371582
7052,learn_2,NAcc,1,207.4149169921875
7052,learn_2,NAcc,2,96.12157440185547
7052,reverse_1,NAcc,1,61.17768859863281
7052,reverse_1,NAcc,2,166.68264770507812
7052,learn_1,amyg,1,-9.577889442443848
7052,learn_1,amyg,2,2.417811393737793
7052,learn_2,amyg,1,-8.013018608093262
7052,learn_2,amyg,2,-57.249515533447266
7052,reverse_1,amyg,1,-35.81401824951172
7052,reverse_1,amyg,2,138.78054809570312
7053,learn_1,putam,1,-12.499102592468262
7053,learn_1,putam,2,-38.302696228027344
7053,learn_2,putam,1,32.642051696777344
7053,learn_2,putam,2,343.412109375
7053,reverse_1,putam,1,7.5283308029174805
7053,reverse_1,putam,2,-81.0895004272461
7053,reverse_2,putam,1,-4.588969707489014
7053,reverse_2,putam,2,57.97817611694336
7053,learn_1,caud,1,-3.5166773796081543
7053,learn_1,caud,2,-20.90547752380371
7053,learn_2,caud,1,29.01975440979004
7053,learn_2,caud,2,283.51678466796875
7053,reverse_1,caud,1,-18.819530487060547
7053,reverse_1,caud,2,-37.80241775512695
7053,reverse_2,caud,1,-14.62264633178711
7053,reverse_2,caud,2,273.386474609375
7053,learn_1,hipp,1,-13.497652053833008
7053,learn_1,hipp,2,-16.77799415588379
7053,learn_2,hipp,1,-17.814006805419922
7053,learn_2,hipp,2,201.27369689941406
7053,reverse_1,hipp,1,-3.625666379928589
7053,reverse_1,hipp,2,-14.919961929321289
7053,reverse_2,hipp,1,34.69485855102539
7053,reverse_2,hipp,2,94.61000061035156
7053,learn_1,NAcc,1,38.565528869628906
7053,learn_1,NAcc,2,-91.8003921508789
7053,learn_2,NAcc,1,11.604815483093262
7053,learn_2,NAcc,2,-80.79824829101562
7053,reverse_1,NAcc,1,24.225339889526367
7053,reverse_1,NAcc,2,-72.51339721679688
7053,reverse_2,NAcc,1,-23.36307144165039
7053,reverse_2,NAcc,2,51.556941986083984
7053,learn_1,amyg,1,2.789212226867676
7053,learn_1,amyg,2,3.1435234546661377
7053,learn_2,amyg,1,15.45987606048584
7053,learn_2,amyg,2,-197.54783630371094
7053,reverse_1,amyg,1,-10.346565246582031
7053,reverse_1,amyg,2,-89.67768859863281
7053,reverse_2,amyg,1,-12.07730484008789
7053,reverse_2,amyg,2,35.38459777832031
8001,learn_1,putam,1,-14.02939510345459
8001,learn_1,putam,2,-37.52973937988281
8001,learn_2,putam,1,-11.139126777648926
8001,learn_2,putam,2,-20.564966201782227
8001,reverse_1,putam,1,-7.510949611663818
8001,reverse_1,putam,2,8.7158784866333
8001,reverse_2,putam,1,-25.0628604888916
8001,reverse_2,putam,2,-6.1809563636779785
8001,learn_1,caud,1,-11.057341575622559
8001,learn_1,caud,2,1.842544436454773
8001,learn_2,caud,1,-0.24021555483341217
8001,learn_2,caud,2,10.56983470916748
8001,reverse_1,caud,1,-14.115973472595215
8001,reverse_1,caud,2,10.41541576385498
8001,reverse_2,caud,1,-21.317094802856445
8001,reverse_2,caud,2,40.5294075012207
8001,learn_1,hipp,1,-3.325373411178589
8001,learn_1,hipp,2,-9.696324348449707
8001,learn_2,hipp,1,-8.000925064086914
8001,learn_2,hipp,2,-1.0446194410324097
8001,reverse_1,hipp,1,-20.67817497253418
8001,reverse_1,hipp,2,-8.317036628723145
8001,reverse_2,hipp,1,-13.152456283569336
8001,reverse_2,hipp,2,-5.903581142425537
8001,learn_1,NAcc,1,-32.5172004699707
8001,learn_1,NAcc,2,-64.89997100830078
8001,learn_2,NAcc,1,7.703049182891846
8001,learn_2,NAcc,2,-14.120380401611328
8001,reverse_1,NAcc,1,-28.655622482299805
8001,reverse_1,NAcc,2,-79.96484375
8001,reverse_2,NAcc,1,-38.41504669189453
8001,reverse_2,NAcc,2,-41.40243148803711
8001,learn_1,amyg,1,18.677974700927734
8001,learn_1,amyg,2,-11.086081504821777
8001,learn_2,amyg,1,12.900720596313477
8001,learn_2,amyg,2,28.96286964416504
8001,reverse_1,amyg,1,-11.080426216125488
8001,reverse_1,amyg,2,-2.8132176399230957
8001,reverse_2,amyg,1,1.9952244758605957
8001,reverse_2,amyg,2,-31.972166061401367
8002,learn_1,putam,1,-26.833385467529297
8002,learn_1,putam,2,-1.0983405113220215
8002,learn_2,putam,1,-25.599241256713867
8002,learn_2,putam,2,-49.08169937133789
8002,reverse_1,putam,1,-34.499961853027344
8002,reverse_1,putam,2,-72.89883422851562
8002,reverse_2,putam,1,-7.8640289306640625
8002,reverse_2,putam,2,-39.805213928222656
8002,learn_1,caud,1,9.646818161010742
8002,learn_1,caud,2,-20.354480743408203
8002,learn_2,caud,1,-41.68478012084961
8002,learn_2,caud,2,-39.709259033203125
8002,reverse_1,caud,1,-37.496620178222656
8002,reverse_1,caud,2,-66.08450317382812
8002,reverse_2,caud,1,-33.54592514038086
8002,reverse_2,caud,2,-59.688655853271484
8002,learn_1,hipp,1,2.288112163543701
8002,learn_1,hipp,2,-3.5304338932037354
8002,learn_2,hipp,1,-24.659725189208984
8002,learn_2,hipp,2,-27.452098846435547
8002,reverse_1,hipp,1,-53.002037048339844
8002,reverse_1,hipp,2,-80.61104583740234
8002,reverse_2,hipp,1,-46.8863639831543
8002,reverse_2,hipp,2,-58.246070861816406
8002,learn_1,NAcc,1,13.505281448364258
8002,learn_1,NAcc,2,-30.608890533447266
8002,learn_2,NAcc,1,-64.30256652832031
8002,learn_2,NAcc,2,-12.00143051147461
8002,reverse_1,NAcc,1,-67.82189178466797
8002,reverse_1,NAcc,2,-151.40280151367188
8002,reverse_2,NAcc,1,-36.446868896484375
8002,reverse_2,NAcc,2,-64.77143859863281
8002,learn_1,amyg,1,-1.4806056022644043
8002,learn_1,amyg,2,13.200227737426758
8002,learn_2,amyg,1,-15.493266105651855
8002,learn_2,amyg,2,-41.147640228271484
8002,reverse_1,amyg,1,-61.91189193725586
8002,reverse_1,amyg,2,-92.77909088134766
8002,reverse_2,amyg,1,-11.80571174621582
8002,reverse_2,amyg,2,0.25064340233802795
8003,learn_1,putam,1,38.090248107910156
8003,learn_1,putam,2,25.69649314880371
8003,learn_2,putam,1,36.05846405029297
8003,learn_2,putam,2,16.70584487915039
8003,reverse_1,putam,1,12.763408660888672
8003,reverse_1,putam,2,12.670792579650879
8003,reverse_2,putam,1,-7.335316181182861
8003,reverse_2,putam,2,19.189083099365234
8003,learn_1,caud,1,5.410577774047852
8003,learn_1,caud,2,40.67159652709961
8003,learn_2,caud,1,27.271408081054688
8003,learn_2,caud,2,-15.77098560333252
8003,reverse_1,caud,1,-16.61385154724121
8003,reverse_1,caud,2,-18.6596622467041
8003,reverse_2,caud,1,-25.479307174682617
8003,reverse_2,caud,2,-16.097545623779297
8003,learn_1,hipp,1,-16.573671340942383
8003,learn_1,hipp,2,-16.421058654785156
8003,learn_2,hipp,1,53.52638244628906
8003,learn_2,hipp,2,55.032344818115234
8003,reverse_1,hipp,1,-16.07415199279785
8003,reverse_1,hipp,2,39.68950271606445
8003,reverse_2,hipp,1,-28.784582138061523
8003,reverse_2,hipp,2,1.949729323387146
8003,learn_1,NAcc,1,17.258630752563477
8003,learn_1,NAcc,2,-38.95042037963867
8003,learn_2,NAcc,1,38.18764114379883
8003,learn_2,NAcc,2,28.05537986755371
8003,reverse_1,NAcc,1,3.3556644916534424
8003,reverse_1,NAcc,2,-46.28817367553711
8003,reverse_2,NAcc,1,61.725101470947266
8003,reverse_2,NAcc,2,33.915287017822266
8003,learn_1,amyg,1,-22.501670837402344
8003,learn_1,amyg,2,-17.10088539123535
8003,learn_2,amyg,1,51.28690719604492
8003,learn_2,amyg,2,-0.13550196588039398
8003,reverse_1,amyg,1,-51.38740158081055
8003,reverse_1,amyg,2,-3.877139091491699
8003,reverse_2,amyg,1,23.524850845336914
8003,reverse_2,amyg,2,29.320850372314453
8005,learn_1,putam,1,-35.09353256225586
8005,learn_1,putam,2,13.480411529541016
8005,learn_2,putam,1,26.520204544067383
8005,learn_2,putam,2,57.569705963134766
8005,reverse_1,putam,1,11.111906051635742
8005,reverse_1,putam,2,-22.437610626220703
8005,reverse_2,putam,1,46.96493148803711
8005,reverse_2,putam,2,25.915468215942383
8005,learn_1,caud,1,-12.001578330993652
8005,learn_1,caud,2,25.743364334106445
8005,learn_2,caud,1,15.343332290649414
8005,learn_2,caud,2,-176.37400817871094
8005,reverse_1,caud,1,-18.75897216796875
8005,reverse_1,caud,2,0.39386191964149475
8005,reverse_2,caud,1,32.23503875732422
8005,reverse_2,caud,2,-196.95834350585938
8005,learn_1,hipp,1,-25.608898162841797
8005,learn_1,hipp,2,14.74505615234375
8005,learn_2,hipp,1,-6.012715816497803
8005,learn_2,hipp,2,-242.8816680908203
8005,reverse_1,hipp,1,5.906387805938721
8005,reverse_1,hipp,2,-20.277109146118164
8005,reverse_2,hipp,1,101.76493835449219
8005,reverse_2,hipp,2,-65.9917221069336
8005,learn_1,NAcc,1,0.8151060938835144
8005,learn_1,NAcc,2,38.78532028198242
8005,learn_2,NAcc,1,22.42375373840332
8005,learn_2,NAcc,2,-130.8996124267578
8005,reverse_1,NAcc,1,99.1172103881836
8005,reverse_1,NAcc,2,15.63495922088623
8005,reverse_2,NAcc,1,34.86711120605469
8005,reverse_2,NAcc,2,-234.1795196533203
8005,learn_1,amyg,1,-30.635128021240234
8005,learn_1,amyg,2,4.5507402420043945
8005,learn_2,amyg,1,-16.503049850463867
8005,learn_2,amyg,2,-175.3037567138672
8005,reverse_1,amyg,1,-33.35014343261719
8005,reverse_1,amyg,2,-16.048080444335938
8005,reverse_2,amyg,1,58.76718521118164
8005,reverse_2,amyg,2,85.30812072753906
8006,learn_1,putam,1,-3.8961496353149414
8006,learn_1,putam,2,-76.87034606933594
8006,learn_2,putam,1,-42.30177688598633
8006,learn_2,putam,2,4.11872673034668
8006,reverse_1,putam,1,-49.98721694946289
8006,reverse_1,putam,2,-129.40493774414062
8006,reverse_2,putam,1,-106.33402252197266
8006,reverse_2,putam,2,-44.06953811645508
8006,learn_1,caud,1,-6.981123447418213
8006,learn_1,caud,2,-49.11124038696289
8006,learn_2,caud,1,-57.63648986816406
8006,learn_2,caud,2,-22.76426887512207
8006,reverse_1,caud,1,-57.80883026123047
8006,reverse_1,caud,2,-76.84039306640625
8006,reverse_2,caud,1,-117.47661590576172
8006,reverse_2,caud,2,-112.29781341552734
8006,learn_1,hipp,1,-21.383230209350586
8006,learn_1,hipp,2,-61.165096282958984
8006,learn_2,hipp,1,-0.1251312494277954
8006,learn_2,hipp,2,39.816001892089844
8006,reverse_1,hipp,1,23.85463523864746
8006,reverse_1,hipp,2,-67.29894256591797
8006,reverse_2,hipp,1,-79.31635284423828
8006,reverse_2,hipp,2,-71.33192443847656
8006,learn_1,NAcc,1,31.050249099731445
8006,learn_1,NAcc,2,-37.184871673583984
8006,learn_2,NAcc,1,-52.01175308227539
8006,learn_2,NAcc,2,-37.242488861083984
8006,reverse_1,NAcc,1,-93.41857147216797
8006,reverse_1,NAcc,2,-225.08628845214844
8006,reverse_2,NAcc,1,-196.65249633789062
8006,reverse_2,NAcc,2,-212.13339233398438
8006,learn_1,amyg,1,-8.421002388000488
8006,learn_1,amyg,2,-8.947334289550781
8006,learn_2,amyg,1,-33.056880950927734
8006,learn_2,amyg,2,38.1605110168457
8006,reverse_1,amyg,1,31.02075958251953
8006,reverse_1,amyg,2,-79.6125717163086
8006,reverse_2,amyg,1,-45.61324691772461
8006,reverse_2,amyg,2,-18.21401596069336
8009,learn_1,putam,1,-2.5075325965881348
8009,learn_1,putam,2,14.29529857635498
8009,learn_2,putam,1,73.98074340820312
8009,learn_2,putam,2,-64.33606719970703
8009,reverse_1,putam,1,8.586668014526367
8009,reverse_1,putam,2,-60.475677490234375
8009,reverse_2,putam,1,27.42763328552246
8009,reverse_2,putam,2,29.63739585876465
8009,learn_1,caud,1,-0.7429122924804688
8009,learn_1,caud,2,-1.7215306758880615
8009,learn_2,caud,1,79.37010192871094
8009,learn_2,caud,2,-53.71596145629883
8009,reverse_1,caud,1,17.704259872436523
8009,reverse_1,caud,2,-73.54399108886719
8009,reverse_2,caud,1,32.46416091918945
8009,reverse_2,caud,2,7.5726094245910645
8009,learn_1,hipp,1,6.913858890533447
8009,learn_1,hipp,2,29.44236946105957
8009,learn_2,hipp,1,64.352783203125
8009,learn_2,hipp,2,-111.96812438964844
8009,reverse_1,hipp,1,18.563814163208008
8009,reverse_1,hipp,2,-45.0643196105957
8009,reverse_2,hipp,1,-13.874939918518066
8009,reverse_2,hipp,2,55.77717590332031
8009,learn_1,NAcc,1,31.547611236572266
8009,learn_1,NAcc,2,-39.082096099853516
8009,learn_2,NAcc,1,88.35990905761719
8009,learn_2,NAcc,2,-89.60321044921875
8009,reverse_1,NAcc,1,22.773517608642578
8009,reverse_1,NAcc,2,-87.41507720947266
8009,reverse_2,NAcc,1,8.463205337524414
8009,reverse_2,NAcc,2,15.663020133972168
8009,learn_1,amyg,1,31.34435272216797
8009,learn_1,amyg,2,25.91766929626465
8009,learn_2,amyg,1,21.505720138549805
8009,learn_2,amyg,2,-80.88490295410156
8009,reverse_1,amyg,1,17.832427978515625
8009,reverse_1,amyg,2,-63.94513702392578
8009,reverse_2,amyg,1,-33.681129455566406
8009,reverse_2,amyg,2,37.78571319580078
8011,learn_1,putam,1,16.63840103149414
8011,learn_1,putam,2,5.715193748474121
8011,learn_2,putam,1,-11.013956069946289
8011,learn_2,putam,2,8.899394242367631e-12
8011,reverse_1,putam,1,-13.261903762817383
8011,reverse_1,putam,2,-35.32912063598633
8011,reverse_2,putam,1,-17.769790649414062
8011,reverse_2,putam,2,81.53240203857422
8011,learn_1,caud,1,7.557799339294434
8011,learn_1,caud,2,-21.733671188354492
8011,learn_2,caud,1,-36.514896392822266
8011,learn_2,caud,2,1.496258499045222e-11
8011,reverse_1,caud,1,-47.03907775878906
8011,reverse_1,caud,2,-59.237449645996094
8011,reverse_2,caud,1,-13.950177192687988
8011,reverse_2,caud,2,208.9967498779297
8011,learn_1,hipp,1,13.743882179260254
8011,learn_1,hipp,2,-34.799251556396484
8011,learn_2,hipp,1,-36.61903381347656
8011,learn_2,hipp,2,-8.938798486124444e-12
8011,reverse_1,hipp,1,-4.948471546173096
8011,reverse_1,hipp,2,-81.58997344970703
8011,reverse_2,hipp,1,-1.5808906555175781
8011,reverse_2,hipp,2,33.7016716003418
8011,learn_1,NAcc,1,-39.9575309753418
8011,learn_1,NAcc,2,-154.26889038085938
8011,learn_2,NAcc,1,-52.30427932739258
8011,learn_2,NAcc,2,-4.923783603061338e-12
8011,reverse_1,NAcc,1,-37.56373596191406
8011,reverse_1,NAcc,2,-44.30784225463867
8011,reverse_2,NAcc,1,-34.18075942993164
8011,reverse_2,NAcc,2,-216.41090393066406
8011,learn_1,amyg,1,7.860909461975098
8011,learn_1,amyg,2,-36.16972732543945
8011,learn_2,amyg,1,14.405838966369629
8011,learn_2,amyg,2,-3.482543767252544e-11
8011,reverse_1,amyg,1,-2.5577101707458496
8011,reverse_1,amyg,2,-54.158206939697266
8011,reverse_2,amyg,1,-42.09397888183594
8011,reverse_2,amyg,2,-25.142351150512695
8012,learn_1,putam,1,-8.976644515991211
8012,learn_1,putam,2,7.263141632080078
8012,learn_2,putam,1,-0.6695233583450317
8012,learn_2,putam,2,3.2851648330688477
8012,reverse_1,putam,1,-57.539119720458984
8012,reverse_1,putam,2,-63.75828552246094
8012,reverse_2,putam,1,24.91234588623047
8012,reverse_2,putam,2,13.640647888183594
8012,learn_1,caud,1,-18.46219253540039
8012,learn_1,caud,2,43.84855651855469
8012,learn_2,caud,1,17.101512908935547
8012,learn_2,caud,2,24.724260330200195
8012,reverse_1,caud,1,-32.17048263549805
8012,reverse_1,caud,2,-31.01853370666504
8012,reverse_2,caud,1,53.32129669189453
8012,reverse_2,caud,2,30.324325561523438
8012,learn_1,hipp,1,-57.84174346923828
8012,learn_1,hipp,2,-22.58445930480957
8012,learn_2,hipp,1,3.608258008956909
8012,learn_2,hipp,2,-36.04667282104492
8012,reverse_1,hipp,1,-23.802289962768555
8012,reverse_1,hipp,2,-54.77248001098633
8012,reverse_2,hipp,1,5.095021724700928
8012,reverse_2,hipp,2,7.353457927703857
8012,learn_1,NAcc,1,12.815840721130371
8012,learn_1,NAcc,2,-32.583404541015625
8012,learn_2,NAcc,1,-18.79534149169922
8012,learn_2,NAcc,2,40.92746353149414
8012,reverse_1,NAcc,1,-72.00090789794922
8012,reverse_1,NAcc,2,-97.47542572021484
8012,reverse_2,NAcc,1,10.095857620239258
8012,reverse_2,NAcc,2,-20.01951789855957
8012,learn_1,amyg,1,-5.366886615753174
8012,learn_1,amyg,2,-17.169097900390625
8012,learn_2,amyg,1,23.30998420715332
8012,learn_2,amyg,2,-3.223100423812866
8012,reverse_1,amyg,1,-34.1294059753418
8012,reverse_1,amyg,2,-64.90508270263672
8012,reverse_2,amyg,1,17.884437561035156
8012,reverse_2,amyg,2,0.3666723966598511
8013,learn_1,putam,1,-4.766306400299072
8013,learn_1,putam,2,-79.71975708007812
8013,learn_2,putam,1,11.150164604187012
8013,learn_2,putam,2,-5.006987185973699e-11
8013,reverse_1,putam,1,-52.80812454223633
8013,reverse_1,putam,2,-184.87002563476562
8013,reverse_2,putam,1,35.61909866333008
8013,reverse_2,putam,2,167.6951141357422
8013,learn_1,caud,1,-12.412982940673828
8013,learn_1,caud,2,-34.59959411621094
8013,learn_2,caud,1,-32.680538177490234
8013,learn_2,caud,2,-2.2155366430354206e-10
8013,reverse_1,caud,1,-77.03099060058594
8013,reverse_1,caud,2,-127.33638000488281
8013,reverse_2,caud,1,33.643856048583984
8013,reverse_2,caud,2,249.70321655273438
8013,learn_1,hipp,1,-1.556542992591858
8013,learn_1,hipp,2,-3.4664809703826904
8013,learn_2,hipp,1,-14.164359092712402
8013,learn_2,hipp,2,-1.1102270491836208e-10
8013,reverse_1,hipp,1,-85.5624008178711
8013,reverse_1,hipp,2,-257.78192138671875
8013,reverse_2,hipp,1,78.43522644042969
8013,reverse_2,hipp,2,386.89617919921875
8013,learn_1,NAcc,1,38.363258361816406
8013,learn_1,NAcc,2,9.025348663330078
8013,learn_2,NAcc,1,-56.422821044921875
8013,learn_2,NAcc,2,-2.578636748573615e-10
8013,reverse_1,NAcc,1,-115.38560485839844
8013,reverse_1,NAcc,2,-101.47127532958984
8013,reverse_2,NAcc,1,90.57392120361328
8013,reverse_2,NAcc,2,76.58844757080078
8013,learn_1,amyg,1,16.035051345825195
8013,learn_1,amyg,2,11.947229385375977
8013,learn_2,amyg,1,17.700536727905273
8013,learn_2,amyg,2,-1.1803240329566478e-10
8013,reverse_1,amyg,1,-46.3585205078125
8013,reverse_1,amyg,2,-246.60305786132812
8013,reverse_2,amyg,1,47.27091598510742
8013,reverse_2,amyg,2,333.1190185546875
8014,learn_1,putam,1,-16.90411949157715
8014,learn_1,putam,2,-36.306182861328125
8014,learn_2,putam,1,39.50154113769531
8014,learn_2,putam,2,34.15645217895508
8014,reverse_1,putam,1,-67.23338317871094
8014,reverse_1,putam,2,-196.97052001953125
8014,reverse_2,putam,1,124.77452850341797
8014,reverse_2,putam,2,151.1626434326172
8014,learn_1,caud,1,-9.106842994689941
8014,learn_1,caud,2,-38.93941116333008
8014,learn_2,caud,1,27.071331024169922
8014,learn_2,caud,2,59.97096252441406
8014,reverse_1,caud,1,-134.7938690185547
8014,reverse_1,caud,2,-276.3646545410156
8014,reverse_2,caud,1,127.5845947265625
8014,reverse_2,caud,2,133.6110382080078
8014,learn_1,hipp,1,-2.1601176261901855
8014,learn_1,hipp,2,-15.313030242919922
8014,learn_2,hipp,1,29.437763214111328
8014,learn_2,hipp,2,20.115079879760742
8014,reverse_1,hipp,1,21.19647789001465
8014,reverse_1,hipp,2,-43.3497314453125
8014,reverse_2,hipp,1,44.11249542236328
8014,reverse_2,hipp,2,77.13165283203125
8014,learn_1,NAcc,1,-26.43319320678711
8014,learn_1,NAcc,2,-93.41250610351562
8014,learn_2,NAcc,1,-8.667303085327148
8014,learn_2,NAcc,2,-20.214900970458984
8014,reverse_1,NAcc,1,-169.46078491210938
8014,reverse_1,NAcc,2,-354.8623962402344
8014,reverse_2,NAcc,1,122.52871704101562
8014,reverse_2,NAcc,2,74.94580841064453
8014,learn_1,amyg,1,-4.420464992523193
8014,learn_1,amyg,2,-15.317303657531738
8014,learn_2,amyg,1,10.943160057067871
8014,learn_2,amyg,2,17.67418098449707
8014,reverse_1,amyg,1,32.087764739990234
8014,reverse_1,amyg,2,-4.377876281738281
8014,reverse_2,amyg,1,30.339038848876953
8014,reverse_2,amyg,2,-92.83567810058594
8017,learn_1,putam,1,13.192869186401367
8017,learn_1,putam,2,-30.72221565246582
8017,learn_2,putam,1,7.4566779136657715
8017,learn_2,putam,2,-5.357096016789242e-11
8017,reverse_1,putam,1,-33.82114791870117
8017,reverse_1,putam,2,-53.22176742553711
8017,reverse_2,putam,1,-11.00316047668457
8017,reverse_2,putam,2,136.67811584472656
8017,learn_1,caud,1,29.600101470947266
8017,learn_1,caud,2,9.750100135803223
8017,learn_2,caud,1,1.7854511737823486
8017,learn_2,caud,2,-9.18405768102204e-11
8017,reverse_1,caud,1,-50.71451950073242
8017,reverse_1,caud,2,-74.17571258544922
8017,reverse_2,caud,1,-1.9748908281326294
8017,reverse_2,caud,2,100.98197937011719
8017,learn_1,hipp,1,-30.769380569458008
8017,learn_1,hipp,2,-55.61754608154297
8017,learn_2,hipp,1,-23.323257446289062
8017,learn_2,hipp,2,-2.59056193163687e-10
8017,reverse_1,hipp,1,-33.83599853515625
8017,reverse_1,hipp,2,-54.34444046020508
8017,reverse_2,hipp,1,-0.6063999533653259
8017,reverse_2,hipp,2,-43.005584716796875
8017,learn_1,NAcc,1,6.576047420501709
8017,learn_1,NAcc,2,9.75484848022461
8017,learn_2,NAcc,1,4.720582008361816
8017,learn_2,NAcc,2,3.9914890836989514e-10
8017,reverse_1,NAcc,1,-36.05580520629883
8017,reverse_1,NAcc,2,-87.06290435791016
8017,reverse_2,NAcc,1,-24.3089599609375
8017,reverse_2,NAcc,2,21.69330406188965
8017,learn_1,amyg,1,-22.730459213256836
8017,learn_1,amyg,2,-100.08654022216797
8017,learn_2,amyg,1,24.826597213745117
8017,learn_2,amyg,2,1.1790977048897755e-11
8017,reverse_1,amyg,1,-4.594052791595459
8017,reverse_1,amyg,2,-3.521120548248291
8017,reverse_2,amyg,1,-9.673912048339844
8017,reverse_2,amyg,2,-278.97344970703125
8019,learn_1,putam,1,7.433947563171387
8019,learn_1,putam,2,9.501538276672363
8019,learn_2,putam,1,-23.69391441345215
8019,learn_2,putam,2,-15.432024955749512
8019,reverse_1,putam,1,3.246556282043457
8019,reverse_1,putam,2,-21.95294189453125
8019,reverse_2,putam,1,0.27874258160591125
8019,reverse_2,putam,2,68.10343170166016
8019,learn_1,caud,1,17.553749084472656
8019,learn_1,caud,2,25.289892196655273
8019,learn_2,caud,1,-36.103172302246094
8019,learn_2,caud,2,-41.4158821105957
8019,reverse_1,caud,1,-22.13494300842285
8019,reverse_1,caud,2,-20.466835021972656
8019,reverse_2,caud,1,8.297942161560059
8019,reverse_2,caud,2,58.29155349731445
8019,learn_1,hipp,1,11.828856468200684
8019,learn_1,hipp,2,-2.9435231685638428
8019,learn_2,hipp,1,1.451332926750183
8019,learn_2,hipp,2,-30.31283950805664
8019,reverse_1,hipp,1,-17.598787307739258
8019,reverse_1,hipp,2,-47.49246597290039
8019,reverse_2,hipp,1,-3.7880232334136963
8019,reverse_2,hipp,2,6.470642566680908
8019,learn_1,NAcc,1,-0.958381712436676
8019,learn_1,NAcc,2,12.553680419921875
8019,learn_2,NAcc,1,-35.46470260620117
8019,learn_2,NAcc,2,-59.84712219238281
8019,reverse_1,NAcc,1,-44.7589111328125
8019,reverse_1,NAcc,2,-106.96076965332031
8019,reverse_2,NAcc,1,-45.97551345825195
8019,reverse_2,NAcc,2,67.90833282470703
8019,learn_1,amyg,1,24.993791580200195
8019,learn_1,amyg,2,29.146413803100586
8019,learn_2,amyg,1,10.146007537841797
8019,learn_2,amyg,2,-1.413204312324524
8019,reverse_1,amyg,1,14.555047988891602
8019,reverse_1,amyg,2,15.70068073272705
8019,reverse_2,amyg,1,-1.9983593225479126
8019,reverse_2,amyg,2,-68.28296661376953
8020,learn_1,putam,1,7.990743637084961
8020,learn_1,putam,2,22.15558624267578
8020,learn_2,putam,1,22.6685733795166
8020,learn_2,putam,2,23.142410278320312
8020,reverse_1,putam,1,49.811622619628906
8020,reverse_1,putam,2,4.713449478149414
8020,reverse_2,putam,1,26.113235473632812
8020,reverse_2,putam,2,30.924667358398438
8020,learn_1,caud,1,7.874418258666992
8020,learn_1,caud,2,-0.7226424217224121
8020,learn_2,caud,1,19.647586822509766
8020,learn_2,caud,2,11.569223403930664
8020,reverse_1,caud,1,47.74842071533203
8020,reverse_1,caud,2,-43.97661590576172
8020,reverse_2,caud,1,25.116138458251953
8020,reverse_2,caud,2,45.9294319152832
8020,learn_1,hipp,1,32.38524627685547
8020,learn_1,hipp,2,19.01484489440918
8020,learn_2,hipp,1,41.4721565246582
8020,learn_2,hipp,2,42.96086120605469
8020,reverse_1,hipp,1,37.1170539855957
8020,reverse_1,hipp,2,-12.227920532226562
8020,reverse_2,hipp,1,17.387910842895508
8020,reverse_2,hipp,2,44.634849548339844
8020,learn_1,NAcc,1,1.865073561668396
8020,learn_1,NAcc,2,-44.99871063232422
8020,learn_2,NAcc,1,-0.5215960144996643
8020,learn_2,NAcc,2,49.291664123535156
8020,reverse_1,NAcc,1,39.042083740234375
8020,reverse_1,NAcc,2,-80.44734191894531
8020,reverse_2,NAcc,1,2.665593147277832
8020,reverse_2,NAcc,2,36.800601959228516
8020,learn_1,amyg,1,59.882720947265625
8020,learn_1,amyg,2,18.23088836669922
8020,learn_2,amyg,1,85.17439270019531
8020,learn_2,amyg,2,60.73964309692383
8020,reverse_1,amyg,1,26.143117904663086
8020,reverse_1,amyg,2,13.004006385803223
8020,reverse_2,amyg,1,-16.679824829101562
8020,reverse_2,amyg,2,-14.308528900146484
8024,learn_1,putam,1,0.8778032064437866
8024,learn_1,putam,2,-19.328231811523438
8024,learn_2,putam,1,-0.46318694949150085
8024,learn_2,putam,2,-18.102737426757812
8024,reverse_1,putam,1,6.152499198913574
8024,reverse_1,putam,2,13.828802108764648
8024,reverse_2,putam,1,27.761314392089844
8024,reverse_2,putam,2,16.96550178527832
8024,learn_1,caud,1,-22.095806121826172
8024,learn_1,caud,2,-11.795440673828125
8024,learn_2,caud,1,-44.35773468017578
8024,learn_2,caud,2,-45.07347106933594
8024,reverse_1,caud,1,-23.55511474609375
8024,reverse_1,caud,2,-17.200849533081055
8024,reverse_2,caud,1,-0.9135334491729736
8024,reverse_2,caud,2,-30.271520614624023
8024,learn_1,hipp,1,-30.006898880004883
8024,learn_1,hipp,2,-30.94622039794922
8024,learn_2,hipp,1,-43.405094146728516
8024,learn_2,hipp,2,-31.649667739868164
8024,reverse_1,hipp,1,-37.672271728515625
8024,reverse_1,hipp,2,-67.00919342041016
8024,reverse_2,hipp,1,-18.479074478149414
8024,reverse_2,hipp,2,-72.56066131591797
8024,learn_1,NAcc,1,19.79912567138672
8024,learn_1,NAcc,2,-39.39071273803711
8024,learn_2,NAcc,1,-48.62369155883789
8024,learn_2,NAcc,2,-72.5743637084961
8024,reverse_1,NAcc,1,50.9649543762207
8024,reverse_1,NAcc,2,44.85782241821289
8024,reverse_2,NAcc,1,38.0081787109375
8024,reverse_2,NAcc,2,89.60755157470703
8024,learn_1,amyg,1,-15.507224082946777
8024,learn_1,amyg,2,-48.76942825317383
8024,learn_2,amyg,1,-51.247108459472656
8024,learn_2,amyg,2,-51.30335235595703
8024,reverse_1,amyg,1,-15.947515487670898
8024,reverse_1,amyg,2,-74.14439392089844
8024,reverse_2,amyg,1,55.3780517578125
8024,reverse_2,amyg,2,-9.02111530303955
8026,learn_1,putam,1,-2.19345760345459
8026,learn_1,putam,2,-54.57999038696289
8026,learn_2,putam,1,39.89788818359375
8026,learn_2,putam,2,17.00118064880371
8026,reverse_1,putam,1,-12.080955505371094
8026,reverse_1,putam,2,-16.562896728515625
8026,reverse_2,putam,1,-52.72063446044922
8026,reverse_2,putam,2,-42.0186653137207
8026,learn_1,caud,1,-10.707456588745117
8026,learn_1,caud,2,-54.242431640625
8026,learn_2,caud,1,51.26741409301758
8026,learn_2,caud,2,-0.6675902009010315
8026,reverse_1,caud,1,-7.326354503631592
8026,reverse_1,caud,2,-44.231990814208984
8026,reverse_2,caud,1,-42.59494400024414
8026,reverse_2,caud,2,-32.54023742675781
8026,learn_1,hipp,1,-24.708175659179688
8026,learn_1,hipp,2,-28.5808162689209
8026,learn_2,hipp,1,35.075653076171875
8026,learn_2,hipp,2,-15.157689094543457
8026,reverse_1,hipp,1,-34.31800842285156
8026,reverse_1,hipp,2,-11.146297454833984
8026,reverse_2,hipp,1,-7.899848461151123
8026,reverse_2,hipp,2,7.792725086212158
8026,learn_1,NAcc,1,-41.30888366699219
8026,learn_1,NAcc,2,-84.50189208984375
8026,learn_2,NAcc,1,25.95660972595215
8026,learn_2,NAcc,2,-35.543312072753906
8026,reverse_1,NAcc,1,-24.904457092285156
8026,reverse_1,NAcc,2,6.666037559509277
8026,reverse_2,NAcc,1,-55.94614791870117
8026,reverse_2,NAcc,2,-49.75632858276367
8026,learn_1,amyg,1,8.326423645019531
8026,learn_1,amyg,2,-16.91829490661621
8026,learn_2,amyg,1,55.39982604980469
8026,learn_2,amyg,2,26.42176055908203
8026,reverse_1,amyg,1,-48.46833038330078
8026,reverse_1,amyg,2,32.393314361572266
8026,reverse_2,amyg,1,-17.070194244384766
8026,reverse_2,amyg,2,6.66799259185791
8027,learn_1,putam,1,-25.789255142211914
8027,learn_1,putam,2,-17.745765686035156
8027,learn_2,putam,1,-19.847078323364258
8027,learn_2,putam,2,-55.86949157714844
8027,reverse_1,putam,1,-17.340656280517578
8027,reverse_1,putam,2,-35.166019439697266
8027,reverse_2,putam,1,-39.611839294433594
8027,reverse_2,putam,2,-81.5732192993164
8027,learn_1,caud,1,-25.329978942871094
8027,learn_1,caud,2,-0.9088864922523499
8027,learn_2,caud,1,1.7710332870483398
8027,learn_2,caud,2,-66.58443450927734
8027,reverse_1,caud,1,-28.023197174072266
8027,reverse_1,caud,2,2.8291006088256836
8027,reverse_2,caud,1,-40.62599182128906
8027,reverse_2,caud,2,8.294086456298828
8027,learn_1,hipp,1,-10.211115837097168
8027,learn_1,hipp,2,-3.9859323501586914
8027,learn_2,hipp,1,-4.673330307006836
8027,learn_2,hipp,2,-5.8005805015563965
8027,reverse_1,hipp,1,-14.985992431640625
8027,reverse_1,hipp,2,-43.51169204711914
8027,reverse_2,hipp,1,-32.97247314453125
8027,reverse_2,hipp,2,-64.5518798828125
8027,learn_1,NAcc,1,-86.58955383300781
8027,learn_1,NAcc,2,-40.39865493774414
8027,learn_2,NAcc,1,-25.522499084472656
8027,learn_2,NAcc,2,-274.1909484863281
8027,reverse_1,NAcc,1,-60.79014205932617
8027,reverse_1,NAcc,2,-79.93052673339844
8027,reverse_2,NAcc,1,-116.91004943847656
8027,reverse_2,NAcc,2,-97.52605438232422
8027,learn_1,amyg,1,-6.306196689605713
8027,learn_1,amyg,2,21.273239135742188
8027,learn_2,amyg,1,-10.878128051757812
8027,learn_2,amyg,2,-54.89769744873047
8027,reverse_1,amyg,1,-29.029766082763672
8027,reverse_1,amyg,2,-45.62425994873047
8027,reverse_2,amyg,1,-56.48200607299805
8027,reverse_2,amyg,2,-81.2967758178711
8028,learn_1,putam,1,13.370222091674805
8028,learn_1,putam,2,14.983513832092285
8028,learn_2,putam,1,12.611007690429688
8028,learn_2,putam,2,-4.913861274719238
8028,reverse_1,putam,1,31.75868034362793
8028,reverse_1,putam,2,-8.481526374816895
8028,reverse_2,putam,1,33.88314437866211
8028,reverse_2,putam,2,-29.67679786682129
8028,learn_1,caud,1,18.87225914001465
8028,learn_1,caud,2,23.383338928222656
8028,learn_2,caud,1,-5.430507183074951
8028,learn_2,caud,2,-36.33030319213867
8028,reverse_1,caud,1,7.472712993621826
8028,reverse_1,caud,2,-13.665874481201172
8028,reverse_2,caud,1,23.776504516601562
8028,reverse_2,caud,2,2.045447587966919
8028,learn_1,hipp,1,1.1026872396469116
8028,learn_1,hipp,2,-10.242452621459961
8028,learn_2,hipp,1,-6.332546710968018
8028,learn_2,hipp,2,-12.94783878326416
8028,reverse_1,hipp,1,7.706318378448486
8028,reverse_1,hipp,2,-47.841739654541016
8028,reverse_2,hipp,1,37.09843826293945
8028,reverse_2,hipp,2,-33.81948471069336
8028,learn_1,NAcc,1,50.27364730834961
8028,learn_1,NAcc,2,35.64554214477539
8028,learn_2,NAcc,1,-5.301071643829346
8028,learn_2,NAcc,2,-80.03917694091797
8028,reverse_1,NAcc,1,12.314362525939941
8028,reverse_1,NAcc,2,-56.0634765625
8028,reverse_2,NAcc,1,-41.501060485839844
8028,reverse_2,NAcc,2,-130.7639923095703
8028,learn_1,amyg,1,-11.659110069274902
8028,learn_1,amyg,2,3.5708348751068115
8028,learn_2,amyg,1,-8.108229637145996
8028,learn_2,amyg,2,34.96913146972656
8028,reverse_1,amyg,1,-10.497462272644043
8028,reverse_1,amyg,2,-4.947263240814209
8028,reverse_2,amyg,1,15.220657348632812
8028,reverse_2,amyg,2,26.049175262451172
8029,learn_1,putam,1,5.747710704803467
8029,learn_1,putam,2,-22.222299575805664
8029,learn_2,putam,1,310.982177734375
8029,learn_2,putam,2,2.214988262250195e-11
8029,reverse_1,putam,1,-33.74864196777344
8029,reverse_1,putam,2,-35.32792282104492
8029,reverse_2,putam,1,167.54978942871094
8029,reverse_2,putam,2,128.20986938476562
8029,learn_1,caud,1,0.01676144450902939
8029,learn_1,caud,2,-51.4730110168457
8029,learn_2,caud,1,129.61595153808594
8029,learn_2,caud,2,-3.366465092802251e-11
8029,reverse_1,caud,1,-40.82961654663086
8029,reverse_1,caud,2,31.16069984436035
8029,reverse_2,caud,1,129.0328826904297
8029,reverse_2,caud,2,130.72186279296875
8029,learn_1,hipp,1,-34.671607971191406
8029,learn_1,hipp,2,-46.53868865966797
8029,learn_2,hipp,1,38.78498840332031
8029,learn_2,hipp,2,-3.08151872074891e-11
8029,reverse_1,hipp,1,-119.5758285522461
8029,reverse_1,hipp,2,-143.3716278076172
8029,reverse_2,hipp,1,60.28271484375
8029,reverse_2,hipp,2,174.9709930419922
8029,learn_1,NAcc,1,14.548531532287598
8029,learn_1,NAcc,2,-125.30303192138672
8029,learn_2,NAcc,1,355.7779235839844
8029,learn_2,NAcc,2,-2.0170868447744184e-11
8029,reverse_1,NAcc,1,-164.65158081054688
8029,reverse_1,NAcc,2,-132.167724609375
8029,reverse_2,NAcc,1,102.9578628540039
8029,reverse_2,NAcc,2,-56.010746002197266
8029,learn_1,amyg,1,12.091995239257812
8029,learn_1,amyg,2,-43.33607864379883
8029,learn_2,amyg,1,-44.583900451660156
8029,learn_2,amyg,2,-1.9268781015213676e-10
8029,reverse_1,amyg,1,7.040464401245117
8029,reverse_1,amyg,2,-129.62376403808594
8029,reverse_2,amyg,1,44.039710998535156
8029,reverse_2,amyg,2,-2.03796648979187
8030,learn_1,putam,1,-6.05379056930542
8030,learn_1,putam,2,-2.3347227573394775
8030,learn_2,putam,1,2.36621356010437
8030,learn_2,putam,2,26.570045471191406
8030,reverse_1,putam,1,-6.415792465209961
8030,reverse_1,putam,2,-3.2325439453125
8030,reverse_2,putam,1,53.97325897216797
8030,reverse_2,putam,2,36.103240966796875
8030,learn_1,caud,1,28.622098922729492
8030,learn_1,caud,2,38.69121170043945
8030,learn_2,caud,1,-4.568171501159668
8030,learn_2,caud,2,20.18309211730957
8030,reverse_1,caud,1,13.081123352050781
8030,reverse_1,caud,2,105.56358337402344
8030,reverse_2,caud,1,31.25525665283203
8030,reverse_2,caud,2,22.297704696655273
8030,learn_1,hipp,1,7.890089988708496
8030,learn_1,hipp,2,4.9993157386779785
8030,learn_2,hipp,1,-33.648277282714844
8030,learn_2,hipp,2,-74.40869903564453
8030,reverse_1,hipp,1,10.760013580322266
8030,reverse_1,hipp,2,-16.052276611328125
8030,reverse_2,hipp,1,19.956600189208984
8030,reverse_2,hipp,2,-23.80896759033203
8030,learn_1,NAcc,1,7.177680015563965
8030,learn_1,NAcc,2,30.527238845825195
8030,learn_2,NAcc,1,-42.63187789916992
8030,learn_2,NAcc,2,-31.990680694580078
8030,reverse_1,NAcc,1,3.581310272216797
8030,reverse_1,NAcc,2,42.9075813293457
8030,reverse_2,NAcc,1,-3.516730546951294
8030,reverse_2,NAcc,2,33.35685348510742
8030,learn_1,amyg,1,5.568607330322266
8030,learn_1,amyg,2,3.480776071548462
8030,learn_2,amyg,1,-21.817218780517578
8030,learn_2,amyg,2,-49.4294319152832
8030,reverse_1,amyg,1,1.5598340034484863
8030,reverse_1,amyg,2,-21.42181396484375
8030,reverse_2,amyg,1,0.5924077033996582
8030,reverse_2,amyg,2,-19.388996124267578
8031,learn_1,putam,1,27.23649024963379
8031,learn_1,putam,2,-25.74565887451172
8031,learn_2,putam,1,-7.790363788604736
8031,learn_2,putam,2,27.962966918945312
8031,reverse_1,putam,1,-59.53036880493164
8031,reverse_1,putam,2,-109.37102508544922
8031,reverse_2,putam,1,16.981143951416016
8031,reverse_2,putam,2,57.65235900878906
8031,learn_1,caud,1,16.561878204345703
8031,learn_1,caud,2,-46.68802261352539
8031,learn_2,caud,1,-0.39680105447769165
8031,learn_2,caud,2,83.97030639648438
8031,reverse_1,caud,1,-77.62650299072266
8031,reverse_1,caud,2,-65.49491119384766
8031,reverse_2,caud,1,31.096527099609375
8031,reverse_2,caud,2,214.12841796875
8031,learn_1,hipp,1,-24.6286563873291
8031,learn_1,hipp,2,-56.605628967285156
8031,learn_2,hipp,1,4.668945789337158
8031,learn_2,hipp,2,50.016605377197266
8031,reverse_1,hipp,1,-64.0381088256836
8031,reverse_1,hipp,2,-79.01514434814453
8031,reverse_2,hipp,1,-2.7027792930603027
8031,reverse_2,hipp,2,14.33849048614502
8031,learn_1,NAcc,1,-8.640050888061523
8031,learn_1,NAcc,2,-48.87059783935547
8031,learn_2,NAcc,1,-24.52611541748047
8031,learn_2,NAcc,2,23.689207077026367
8031,reverse_1,NAcc,1,-151.81005859375
8031,reverse_1,NAcc,2,-203.70877075195312
8031,reverse_2,NAcc,1,-33.175968170166016
8031,reverse_2,NAcc,2,119.87364959716797
8031,learn_1,amyg,1,-4.182058334350586
8031,learn_1,amyg,2,-34.780059814453125
8031,learn_2,amyg,1,5.365493297576904
8031,learn_2,amyg,2,59.63737487792969
8031,reverse_1,amyg,1,6.4161224365234375
8031,reverse_1,amyg,2,10.522418975830078
8031,reverse_2,amyg,1,16.906158447265625
8031,reverse_2,amyg,2,-125.74250030517578
8032,learn_1,putam,1,42.11136245727539
8032,learn_1,putam,2,-23.408353805541992
8032,learn_2,putam,1,72.09148406982422
8032,learn_2,putam,2,48.13203811645508
8032,reverse_1,putam,1,33.8744010925293
8032,reverse_1,putam,2,-22.970046997070312
8032,reverse_2,putam,1,-0.9684537649154663
8032,reverse_2,putam,2,25.19405174255371
8032,learn_1,caud,1,-1.321053385734558
8032,learn_1,caud,2,-9.395861625671387
8032,learn_2,caud,1,69.00614166259766
8032,learn_2,caud,2,18.33685302734375
8032,reverse_1,caud,1,25.288171768188477
8032,reverse_1,caud,2,-12.403898239135742
8032,reverse_2,caud,1,-50.64276885986328
8032,reverse_2,caud,2,-4.084376811981201
8032,learn_1,hipp,1,19.195266723632812
8032,learn_1,hipp,2,13.47032356262207
8032,learn_2,hipp,1,15.788034439086914
8032,learn_2,hipp,2,-23.79781150817871
8032,reverse_1,hipp,1,48.386932373046875
8032,reverse_1,hipp,2,-21.282968521118164
8032,reverse_2,hipp,1,11.785331726074219
8032,reverse_2,hipp,2,27.998579025268555
8032,learn_1,NAcc,1,-27.864681243896484
8032,learn_1,NAcc,2,20.725099563598633
8032,learn_2,NAcc,1,22.55856704711914
8032,learn_2,NAcc,2,-128.94192504882812
8032,reverse_1,NAcc,1,29.523235321044922
8032,reverse_1,NAcc,2,-74.10353088378906
8032,reverse_2,NAcc,1,-93.97232055664062
8032,reverse_2,NAcc,2,-52.09639358520508
8032,learn_1,amyg,1,-6.008693218231201
8032,learn_1,amyg,2,12.540335655212402
8032,learn_2,amyg,1,17.00739860534668
8032,learn_2,amyg,2,1.1887098550796509
8032,reverse_1,amyg,1,62.828060150146484
8032,reverse_1,amyg,2,4.270552635192871
8032,reverse_2,amyg,1,-31.473222732543945
8032,reverse_2,amyg,2,39.57439041137695
8033,learn_1,putam,1,45.88161087036133
8033,learn_1,putam,2,34.809207916259766
8033,learn_2,putam,1,19.903139114379883
8033,learn_2,putam,2,-15.112916946411133
8033,reverse_1,putam,1,-28.024568557739258
8033,reverse_1,putam,2,-50.16014099121094
8033,reverse_2,putam,1,7.785733699798584
8033,reverse_2,putam,2,6.165508659172758e-10
8033,learn_1,caud,1,44.03582000732422
8033,learn_1,caud,2,5.406164646148682
8033,learn_2,caud,1,-3.6640517711639404
8033,learn_2,caud,2,-91.87153625488281
8033,reverse_1,caud,1,-7.930434703826904
8033,reverse_1,caud,2,75.7204818725586
8033,reverse_2,caud,1,-20.86355972290039
8033,reverse_2,caud,2,3.884184363034393e-10
8033,learn_1,hipp,1,25.762975692749023
8033,learn_1,hipp,2,-4.863501071929932
8033,learn_2,hipp,1,-6.712324619293213
8033,learn_2,hipp,2,-108.6611099243164
8033,reverse_1,hipp,1,-29.74799346923828
8033,reverse_1,hipp,2,-108.86565399169922
8033,reverse_2,hipp,1,-27.914382934570312
8033,reverse_2,hipp,2,-2.2775677177566678e-10
8033,learn_1,NAcc,1,-21.44435691833496
8033,learn_1,NAcc,2,-103.43995666503906
8033,learn_2,NAcc,1,40.86504364013672
8033,learn_2,NAcc,2,-63.15895462036133
8033,reverse_1,NAcc,1,-55.75371170043945
8033,reverse_1,NAcc,2,40.86429977416992
8033,reverse_2,NAcc,1,-44.8913459777832
8033,reverse_2,NAcc,2,3.428848871500634e-10
8033,learn_1,amyg,1,78.81678009033203
8033,learn_1,amyg,2,24.238767623901367
8033,learn_2,amyg,1,5.8957438468933105
8033,learn_2,amyg,2,-36.79764175415039
8033,reverse_1,amyg,1,-46.35240936279297
8033,reverse_1,amyg,2,-64.54045104980469
8033,reverse_2,amyg,1,-33.19395065307617
8033,reverse_2,amyg,2,1.0084751089767252e-10
8034,learn_1,putam,1,16.308401107788086
8034,learn_1,putam,2,-16.227848052978516
8034,learn_2,putam,1,-9.037967681884766
8034,learn_2,putam,2,27.393640518188477
8034,reverse_1,putam,1,-49.0018196105957
8034,reverse_1,putam,2,-147.5509796142578
8034,reverse_2,putam,1,-31.2590389251709
8034,reverse_2,putam,2,-34.43621826171875
8034,learn_1,caud,1,6.953927516937256
8034,learn_1,caud,2,-5.2432403564453125
8034,learn_2,caud,1,0.12729473412036896
8034,learn_2,caud,2,68.37603759765625
8034,reverse_1,caud,1,-63.8815803527832
8034,reverse_1,caud,2,-72.6558609008789
8034,reverse_2,caud,1,-58.760746002197266
8034,reverse_2,caud,2,17.09268569946289
8034,learn_1,hipp,1,0.8570082187652588
8034,learn_1,hipp,2,-19.698789596557617
8034,learn_2,hipp,1,-7.058488368988037
8034,learn_2,hipp,2,-27.055774688720703
8034,reverse_1,hipp,1,-34.03887176513672
8034,reverse_1,hipp,2,-134.45761108398438
8034,reverse_2,hipp,1,-50.70515060424805
8034,reverse_2,hipp,2,-102.08393096923828
8034,learn_1,NAcc,1,3.7038674354553223
8034,learn_1,NAcc,2,-20.566143035888672
8034,learn_2,NAcc,1,-26.105491638183594
8034,learn_2,NAcc,2,47.70713806152344
8034,reverse_1,NAcc,1,-51.29940414428711
8034,reverse_1,NAcc,2,-22.577848434448242
8034,reverse_2,NAcc,1,-13.369476318359375
8034,reverse_2,NAcc,2,38.59693145751953
8034,learn_1,amyg,1,-18.046886444091797
8034,learn_1,amyg,2,-46.19122314453125
8034,learn_2,amyg,1,6.22784423828125
8034,learn_2,amyg,2,-9.758842468261719
8034,reverse_1,amyg,1,-56.59845733642578
8034,reverse_1,amyg,2,-207.661376953125
8034,reverse_2,amyg,1,-56.9244384765625
8034,reverse_2,amyg,2,-94.56177520751953
8035,learn_1,putam,1,-2.4050655364990234
8035,learn_1,putam,2,12.919293403625488
8035,learn_2,putam,1,91.45597076416016
8035,learn_2,putam,2,-25.43507957458496
8035,reverse_1,putam,1,17.423816680908203
8035,reverse_1,putam,2,19.95057487487793
8035,reverse_2,putam,1,-9.913847923278809
8035,reverse_2,putam,2,116.09358978271484
8035,learn_1,caud,1,5.2885847091674805
8035,learn_1,caud,2,8.3710298538208
8035,learn_2,caud,1,25.213802337646484
8035,learn_2,caud,2,-101.39259338378906
8035,reverse_1,caud,1,-13.049829483032227
8035,reverse_1,caud,2,117.77503967285156
8035,reverse_2,caud,1,-67.76114654541016
8035,reverse_2,caud,2,101.77947998046875
8035,learn_1,hipp,1,-43.65908432006836
8035,learn_1,hipp,2,-30.38878631591797
8035,learn_2,hipp,1,41.06728744506836
8035,learn_2,hipp,2,-63.22724914550781
8035,reverse_1,hipp,1,-48.62224578857422
8035,reverse_1,hipp,2,53.57866668701172
8035,reverse_2,hipp,1,-48.590797424316406
8035,reverse_2,hipp,2,32.36783218383789
8035,learn_1,NAcc,1,-2.6213972568511963
8035,learn_1,NAcc,2,-51.18844985961914
8035,learn_2,NAcc,1,37.34373474121094
8035,learn_2,NAcc,2,-17.564254760742188
8035,reverse_1,NAcc,1,-75.76359558105469
8035,reverse_1,NAcc,2,-135.5906524658203
8035,reverse_2,NAcc,1,-100.85070037841797
8035,reverse_2,NAcc,2,-48.92182922363281
8035,learn_1,amyg,1,-14.6627197265625
8035,learn_1,amyg,2,-32.817325592041016
8035,learn_2,amyg,1,93.13339233398438
8035,learn_2,amyg,2,-55.27321243286133
8035,reverse_1,amyg,1,-68.27473449707031
8035,reverse_1,amyg,2,15.606587409973145
8035,reverse_2,amyg,1,-25.789146423339844
8035,reverse_2,amyg,2,-33.16038131713867
8038,learn_1,putam,1,-23.778656005859375
8038,learn_1,putam,2,-12.739372253417969
8038,learn_2,putam,1,28.246116638183594
8038,learn_2,putam,2,-17.481714248657227
8038,reverse_1,putam,1,26.883377075195312
8038,reverse_1,putam,2,-55.39018249511719
8038,reverse_2,putam,1,1.9590038061141968
8038,reverse_2,putam,2,-4.571221351623535
8038,learn_1,caud,1,-9.076114654541016
8038,learn_1,caud,2,11.606507301330566
8038,learn_2,caud,1,34.852840423583984
8038,learn_2,caud,2,-17.4362735748291
8038,reverse_1,caud,1,14.660224914550781
8038,reverse_1,caud,2,-32.66813659667969
8038,reverse_2,caud,1,66.27000427246094
8038,reverse_2,caud,2,-27.65438461303711
8038,learn_1,hipp,1,-17.454893112182617
8038,learn_1,hipp,2,-15.376766204833984
8038,learn_2,hipp,1,-14.213007926940918
8038,learn_2,hipp,2,-64.50152587890625
8038,reverse_1,hipp,1,6.500548839569092
8038,reverse_1,hipp,2,-13.917089462280273
8038,reverse_2,hipp,1,11.035135269165039
8038,reverse_2,hipp,2,7.155732154846191
8038,learn_1,NAcc,1,29.366310119628906
8038,learn_1,NAcc,2,30.619647979736328
8038,learn_2,NAcc,1,26.297935485839844
8038,learn_2,NAcc,2,-38.21506881713867
8038,reverse_1,NAcc,1,-4.971529960632324
8038,reverse_1,NAcc,2,6.029580593109131
8038,reverse_2,NAcc,1,63.514198303222656
8038,reverse_2,NAcc,2,-34.48848342895508
8038,learn_1,amyg,1,-42.24122619628906
8038,learn_1,amyg,2,-40.29046630859375
8038,learn_2,amyg,1,6.209678649902344
8038,learn_2,amyg,2,-40.983489990234375
8038,reverse_1,amyg,1,-6.795516490936279
8038,reverse_1,amyg,2,-71.39851379394531
8038,reverse_2,amyg,1,101.51153564453125
8038,reverse_2,amyg,2,18.268600463867188
8039,learn_1,putam,1,-29.19293212890625
8039,learn_1,putam,2,-51.1514778137207
8039,learn_2,putam,1,-22.970521926879883
8039,learn_2,putam,2,-45.685428619384766
8039,reverse_1,putam,1,0.1515597105026245
8039,reverse_1,putam,2,-25.019453048706055
8039,reverse_2,putam,1,-20.458263397216797
8039,reverse_2,putam,2,-39.55682373046875
8039,learn_1,caud,1,-41.91826248168945
8039,learn_1,caud,2,-44.245758056640625
8039,learn_2,caud,1,-31.65735626220703
8039,learn_2,caud,2,-51.592411041259766
8039,reverse_1,caud,1,23.773897171020508
8039,reverse_1,caud,2,-13.891629219055176
8039,reverse_2,caud,1,-16.03594207763672
8039,reverse_2,caud,2,-37.11665344238281
8039,learn_1,hipp,1,-48.37565231323242
8039,learn_1,hipp,2,-53.56409454345703
8039,learn_2,hipp,1,-55.13315963745117
8039,learn_2,hipp,2,-66.0118637084961
8039,reverse_1,hipp,1,-45.824214935302734
8039,reverse_1,hipp,2,-58.48175048828125
8039,reverse_2,hipp,1,-76.19585418701172
8039,reverse_2,hipp,2,-49.18009948730469
8039,learn_1,NAcc,1,-78.6664810180664
8039,learn_1,NAcc,2,-97.15153503417969
8039,learn_2,NAcc,1,-48.38002014160156
8039,learn_2,NAcc,2,-77.84812927246094
8039,reverse_1,NAcc,1,41.531898498535156
8039,reverse_1,NAcc,2,25.516132354736328
8039,reverse_2,NAcc,1,-29.640064239501953
8039,reverse_2,NAcc,2,-71.69658660888672
8039,learn_1,amyg,1,-47.77933883666992
8039,learn_1,amyg,2,-39.750823974609375
8039,learn_2,amyg,1,-31.505613327026367
8039,learn_2,amyg,2,-44.5916748046875
8039,reverse_1,amyg,1,-67.29875946044922
8039,reverse_1,amyg,2,-26.13066864013672
8039,reverse_2,amyg,1,-69.75605010986328
8039,reverse_2,amyg,2,13.67273235321045
8040,learn_1,putam,1,-10.73012638092041
8040,learn_1,putam,2,-12.425003051757812
8040,learn_2,putam,1,32.816314697265625
8040,learn_2,putam,2,73.94635009765625
8040,reverse_1,putam,1,4.355879783630371
8040,reverse_1,putam,2,7.573531627655029
8040,reverse_2,putam,1,-9.66677474975586
8040,reverse_2,putam,2,0.5009085536003113
8040,learn_1,caud,1,-1.3758784532546997
8040,learn_1,caud,2,-4.4010515213012695
8040,learn_2,caud,1,15.249807357788086
8040,learn_2,caud,2,26.721973419189453
8040,reverse_1,caud,1,-7.68586540222168
8040,reverse_1,caud,2,16.545547485351562
8040,reverse_2,caud,1,-22.181602478027344
8040,reverse_2,caud,2,-21.960609436035156
8040,learn_1,hipp,1,-11.601234436035156
8040,learn_1,hipp,2,-8.965339660644531
8040,learn_2,hipp,1,16.08283042907715
8040,learn_2,hipp,2,-2.8938827514648438
8040,reverse_1,hipp,1,-44.29623031616211
8040,reverse_1,hipp,2,-69.71699523925781
8040,reverse_2,hipp,1,-57.60214614868164
8040,reverse_2,hipp,2,-121.11383819580078
8040,learn_1,NAcc,1,20.53791618347168
8040,learn_1,NAcc,2,-70.56187438964844
8040,learn_2,NAcc,1,48.71142578125
8040,learn_2,NAcc,2,-76.21212005615234
8040,reverse_1,NAcc,1,-45.49433135986328
8040,reverse_1,NAcc,2,-41.63123321533203
8040,reverse_2,NAcc,1,-38.734413146972656
8040,reverse_2,NAcc,2,-38.26726531982422
8040,learn_1,amyg,1,32.23763656616211
8040,learn_1,amyg,2,27.398197174072266
8040,learn_2,amyg,1,-15.859052658081055
8040,learn_2,amyg,2,8.589722633361816
8040,reverse_1,amyg,1,-52.811649322509766
8040,reverse_1,amyg,2,-134.72889709472656
8040,reverse_2,amyg,1,-71.42627716064453
8040,reverse_2,amyg,2,-104.54563903808594
8041,learn_1,putam,1,39.17180633544922
8041,learn_1,putam,2,-26.497072219848633
8041,learn_2,putam,1,-4.80931282043457
8041,learn_2,putam,2,10.355171203613281
8041,reverse_1,putam,1,11.859453201293945
8041,reverse_1,putam,2,-16.68021011352539
8041,reverse_2,putam,1,13.536072731018066
8041,reverse_2,putam,2,100.3292007446289
8041,learn_1,caud,1,50.761993408203125
8041,learn_1,caud,2,-22.900550842285156
8041,learn_2,caud,1,6.080587387084961
8041,learn_2,caud,2,33.19538497924805
8041,reverse_1,caud,1,22.25895881652832
8041,reverse_1,caud,2,-23.826683044433594
8041,reverse_2,caud,1,33.452781677246094
8041,reverse_2,caud,2,166.51841735839844
8041,learn_1,hipp,1,26.497882843017578
8041,learn_1,hipp,2,14.238707542419434
8041,learn_2,hipp,1,-28.104581832885742
8041,learn_2,hipp,2,-23.865068435668945
8041,reverse_1,hipp,1,-1.2622588872909546
8041,reverse_1,hipp,2,-25.342805862426758
8041,reverse_2,hipp,1,-31.932222366333008
8041,reverse_2,hipp,2,-23.871135711669922
8041,learn_1,NAcc,1,81.77304077148438
8041,learn_1,NAcc,2,-12.579974174499512
8041,learn_2,NAcc,1,-15.909771919250488
8041,learn_2,NAcc,2,26.841493606567383
8041,reverse_1,NAcc,1,-34.028804779052734
8041,reverse_1,NAcc,2,-84.87883758544922
8041,reverse_2,NAcc,1,47.41448974609375
8041,reverse_2,NAcc,2,242.3490753173828
8041,learn_1,amyg,1,37.75679016113281
8041,learn_1,amyg,2,10.775787353515625
8041,learn_2,amyg,1,-35.885990142822266
8041,learn_2,amyg,2,-30.317081451416016
8041,reverse_1,amyg,1,14.92660903930664
8041,reverse_1,amyg,2,-20.718469619750977
8041,reverse_2,amyg,1,-16.05158233642578
8041,reverse_2,amyg,2,-88.2328872680664
8043,learn_1,putam,1,-9.843781471252441
8043,learn_1,putam,2,-37.30120086669922
8043,learn_2,putam,1,11.205490112304688
8043,learn_2,putam,2,48.369056701660156
8043,reverse_1,putam,1,-47.68256759643555
8043,reverse_1,putam,2,-86.17233276367188
8043,reverse_2,putam,1,-26.938154220581055
8043,reverse_2,putam,2,148.88230895996094
8043,learn_1,caud,1,-20.530841827392578
8043,learn_1,caud,2,-41.72895431518555
8043,learn_2,caud,1,37.78445816040039
8043,learn_2,caud,2,5.074429512023926
8043,reverse_1,caud,1,-49.7313346862793
8043,reverse_1,caud,2,-23.951932907104492
8043,reverse_2,caud,1,-52.98655319213867
8043,reverse_2,caud,2,276.6236572265625
8043,learn_1,hipp,1,-26.318103790283203
8043,learn_1,hipp,2,-84.60233306884766
8043,learn_2,hipp,1,-17.33370590209961
8043,learn_2,hipp,2,52.31443786621094
8043,reverse_1,hipp,1,-23.24251937866211
8043,reverse_1,hipp,2,-66.82706451416016
8043,reverse_2,hipp,1,-34.907310485839844
8043,reverse_2,hipp,2,84.32198333740234
8043,learn_1,NAcc,1,-24.63648223876953
8043,learn_1,NAcc,2,-99.75660705566406
8043,learn_2,NAcc,1,-52.3701171875
8043,learn_2,NAcc,2,-195.33251953125
8043,reverse_1,NAcc,1,-64.73506164550781
8043,reverse_1,NAcc,2,-36.14825439453125
8043,reverse_2,NAcc,1,-138.35330200195312
8043,reverse_2,NAcc,2,12.461344718933105
8043,learn_1,amyg,1,-19.09933853149414
8043,learn_1,amyg,2,-65.57040405273438
8043,learn_2,amyg,1,-21.09779930114746
8043,learn_2,amyg,2,59.43943786621094
8043,reverse_1,amyg,1,-9.018179893493652
8043,reverse_1,amyg,2,-54.43879318237305
8043,reverse_2,amyg,1,-10.377189636230469
8043,reverse_2,amyg,2,142.3112030029297
8044,learn_1,putam,1,20.0823917388916
8044,learn_1,putam,2,-1.5922378301620483
8044,learn_2,putam,1,22.55892562866211
8044,learn_2,putam,2,-0.6192185878753662
8044,reverse_1,putam,1,6.4020514488220215
8044,reverse_1,putam,2,-6.950616359710693
8044,reverse_2,putam,1,6.487678527832031
8044,reverse_2,putam,2,-33.1837158203125
8044,learn_1,caud,1,21.359081268310547
8044,learn_1,caud,2,-30.02893829345703
8044,learn_2,caud,1,48.37106704711914
8044,learn_2,caud,2,31.353670120239258
8044,reverse_1,caud,1,-0.9892793297767639
8044,reverse_1,caud,2,-43.78581237792969
8044,reverse_2,caud,1,24.231538772583008
8044,reverse_2,caud,2,-24.464567184448242
8044,learn_1,hipp,1,-20.66796112060547
8044,learn_1,hipp,2,-15.075519561767578
8044,learn_2,hipp,1,-50.59671401977539
8044,learn_2,hipp,2,-51.71772384643555
8044,reverse_1,hipp,1,-53.655757904052734
8044,reverse_1,hipp,2,-88.11751556396484
8044,reverse_2,hipp,1,-45.958683013916016
8044,reverse_2,hipp,2,-89.56807708740234
8044,learn_1,NAcc,1,-0.04425663873553276
8044,learn_1,NAcc,2,-17.897872924804688
8044,learn_2,NAcc,1,6.73207426071167
8044,learn_2,NAcc,2,-6.550642967224121
8044,reverse_1,NAcc,1,-6.828688144683838
8044,reverse_1,NAcc,2,-45.137672424316406
8044,reverse_2,NAcc,1,19.0565185546875
8044,reverse_2,NAcc,2,-47.6209602355957
8044,learn_1,amyg,1,28.428483963012695
8044,learn_1,amyg,2,28.198091506958008
8044,learn_2,amyg,1,-28.458303451538086
8044,learn_2,amyg,2,-13.569661140441895
8044,reverse_1,amyg,1,-37.25495147705078
8044,reverse_1,amyg,2,-30.940319061279297
8044,reverse_2,amyg,1,43.902320861816406
8044,reverse_2,amyg,2,-11.710768699645996
8045,learn_1,putam,1,0.5100551247596741
8045,learn_1,putam,2,26.584579467773438
8045,learn_2,putam,1,28.435989379882812
8045,learn_2,putam,2,45.72422409057617
8045,reverse_1,putam,1,15.021021842956543
8045,reverse_1,putam,2,20.251541137695312
8045,reverse_2,putam,1,-18.772369384765625
8045,reverse_2,putam,2,5.911158084869385
8045,learn_1,caud,1,22.180437088012695
8045,learn_1,caud,2,62.68849182128906
8045,learn_2,caud,1,4.601859092712402
8045,learn_2,caud,2,107.1601791381836
8045,reverse_1,caud,1,-22.536222457885742
8045,reverse_1,caud,2,-8.929222106933594
8045,reverse_2,caud,1,-18.422178268432617
8045,reverse_2,caud,2,-0.9050032496452332
8045,learn_1,hipp,1,7.199190139770508
8045,learn_1,hipp,2,12.235589027404785
8045,learn_2,hipp,1,-2.114701747894287
8045,learn_2,hipp,2,116.91514587402344
8045,reverse_1,hipp,1,-28.792993545532227
8045,reverse_1,hipp,2,-55.01640701293945
8045,reverse_2,hipp,1,-41.061126708984375
8045,reverse_2,hipp,2,0.42052966356277466
8045,learn_1,NAcc,1,10.098450660705566
8045,learn_1,NAcc,2,45.79896545410156
8045,learn_2,NAcc,1,-29.371244430541992
8045,learn_2,NAcc,2,-156.34750366210938
8045,reverse_1,NAcc,1,-17.7799015045166
8045,reverse_1,NAcc,2,-43.471832275390625
8045,reverse_2,NAcc,1,-49.105648040771484
8045,reverse_2,NAcc,2,40.15793991088867
8045,learn_1,amyg,1,8.219581604003906
8045,learn_1,amyg,2,38.27817153930664
8045,learn_2,amyg,1,21.046796798706055
8045,learn_2,amyg,2,165.9105987548828
8045,reverse_1,amyg,1,-7.814345836639404
8045,reverse_1,amyg,2,-9.774992942810059
8045,reverse_2,amyg,1,-93.30226135253906
8045,reverse_2,amyg,2,-23.591127395629883
8046,learn_1,putam,1,1.9011584520339966
8046,learn_1,putam,2,6.955740451812744
8046,learn_2,putam,1,33.46432876586914
8046,learn_2,putam,2,30.544355392456055
8046,reverse_1,putam,1,-32.914798736572266
8046,reverse_1,putam,2,-26.836828231811523
8046,reverse_2,putam,1,5.691673278808594
8046,reverse_2,putam,2,25.114351272583008
8046,learn_1,caud,1,-7.569215774536133
8046,learn_1,caud,2,-19.310455322265625
8046,learn_2,caud,1,32.751956939697266
8046,learn_2,caud,2,-1.0281835794448853
8046,reverse_1,caud,1,-50.12178421020508
8046,reverse_1,caud,2,-58.265018463134766
8046,reverse_2,caud,1,-8.3368501663208
8046,reverse_2,caud,2,46.06155014038086
8046,learn_1,hipp,1,0.6162183880805969
8046,learn_1,hipp,2,1.277268648147583
8046,learn_2,hipp,1,11.61056900024414
8046,learn_2,hipp,2,5.068737983703613
8046,reverse_1,hipp,1,-4.356612682342529
8046,reverse_1,hipp,2,-38.23181915283203
8046,reverse_2,hipp,1,22.906064987182617
8046,reverse_2,hipp,2,-43.35206604003906
8046,learn_1,NAcc,1,-48.93754959106445
8046,learn_1,NAcc,2,-16.016860961914062
8046,learn_2,NAcc,1,-15.311081886291504
8046,learn_2,NAcc,2,-30.242847442626953
8046,reverse_1,NAcc,1,-84.0833511352539
8046,reverse_1,NAcc,2,-75.04835510253906
8046,reverse_2,NAcc,1,-83.50070190429688
8046,reverse_2,NAcc,2,-108.48296356201172
8046,learn_1,amyg,1,-6.608867645263672
8046,learn_1,amyg,2,23.637203216552734
8046,learn_2,amyg,1,108.70053100585938
8046,learn_2,amyg,2,78.35372161865234
8046,reverse_1,amyg,1,53.482425689697266
8046,reverse_1,amyg,2,-45.79847717285156
8046,reverse_2,amyg,1,-23.24135398864746
8046,reverse_2,amyg,2,-102.17329406738281
