"Subject","run","roi","pe","mean_beta","Group"
7001,"learn_1","putam",1,-30.1634368896484,"TC"
7001,"learn_1","putam",2,-25.8069229125977,"TC"
7001,"learn_2","putam",1,32.5614356994629,"TC"
7001,"learn_2","putam",2,114.442527770996,"TC"
7001,"reverse_1","putam",1,128.233200073242,"TC"
7001,"reverse_1","putam",2,48.5864639282227,"TC"
7001,"reverse_2","putam",1,35.8824234008789,"TC"
7001,"reverse_2","putam",2,7.85351297882819e-11,"TC"
7001,"learn_1","caud",1,-9.81199359893799,"TC"
7001,"learn_1","caud",2,81.747184753418,"TC"
7001,"learn_2","caud",1,15.264458656311,"TC"
7001,"learn_2","caud",2,206.121795654297,"TC"
7001,"reverse_1","caud",1,128.257797241211,"TC"
7001,"reverse_1","caud",2,129.941513061523,"TC"
7001,"reverse_2","caud",1,116.035774230957,"TC"
7001,"reverse_2","caud",2,7.76637434918293e-11,"TC"
7001,"learn_1","hipp",1,5.05108499526978,"TC"
7001,"learn_1","hipp",2,37.9051551818848,"TC"
7001,"learn_2","hipp",1,-38.517147064209,"TC"
7001,"learn_2","hipp",2,58.5885238647461,"TC"
7001,"reverse_1","hipp",1,64.0196838378906,"TC"
7001,"reverse_1","hipp",2,35.7641754150391,"TC"
7001,"reverse_2","hipp",1,84.5222549438477,"TC"
7001,"reverse_2","hipp",2,4.89695672900581e-10,"TC"
7001,"learn_1","NAcc",1,-55.7698402404785,"TC"
7001,"learn_1","NAcc",2,-52.3908882141113,"TC"
7001,"learn_2","NAcc",1,-27.8068408966064,"TC"
7001,"learn_2","NAcc",2,274.191070556641,"TC"
7001,"reverse_1","NAcc",1,67.518180847168,"TC"
7001,"reverse_1","NAcc",2,-15.9870939254761,"TC"
7001,"reverse_2","NAcc",1,23.5597019195557,"TC"
7001,"reverse_2","NAcc",2,-4.08025335740803e-10,"TC"
7001,"learn_1","amyg",1,-2.69568991661072,"TC"
7001,"learn_1","amyg",2,43.9572563171387,"TC"
7001,"learn_2","amyg",1,8.57831478118896,"TC"
7001,"learn_2","amyg",2,-53.6413345336914,"TC"
7001,"reverse_1","amyg",1,-10.1768579483032,"TC"
7001,"reverse_1","amyg",2,-44.2103614807129,"TC"
7001,"reverse_2","amyg",1,140.979675292969,"TC"
7001,"reverse_2","amyg",2,7.25477344865055e-10,"TC"
7002,"learn_1","putam",1,-12.4051008224487,"TC"
7002,"learn_1","putam",2,-18.7536506652832,"TC"
7002,"learn_2","putam",1,-33.1147575378418,"TC"
7002,"learn_2","putam",2,-60.8336524963379,"TC"
7002,"reverse_1","putam",1,0.943067610263824,"TC"
7002,"reverse_1","putam",2,-9.59827709197998,"TC"
7002,"reverse_2","putam",1,55.1752471923828,"TC"
7002,"reverse_2","putam",2,37.2599220275879,"TC"
7002,"learn_1","caud",1,-19.7759075164795,"TC"
7002,"learn_1","caud",2,14.5919742584229,"TC"
7002,"learn_2","caud",1,-10.0107469558716,"TC"
7002,"learn_2","caud",2,41.5405921936035,"TC"
7002,"reverse_1","caud",1,-44.4586410522461,"TC"
7002,"reverse_1","caud",2,13.90589427948,"TC"
7002,"reverse_2","caud",1,16.2259063720703,"TC"
7002,"reverse_2","caud",2,86.5897369384766,"TC"
7002,"learn_1","hipp",1,-43.7054901123047,"TC"
7002,"learn_1","hipp",2,-43.6287231445312,"TC"
7002,"learn_2","hipp",1,-94.3179626464844,"TC"
7002,"learn_2","hipp",2,-142.566619873047,"TC"
7002,"reverse_1","hipp",1,-38.9831123352051,"TC"
7002,"reverse_1","hipp",2,-21.2418193817139,"TC"
7002,"reverse_2","hipp",1,-39.0596389770508,"TC"
7002,"reverse_2","hipp",2,5.19256114959717,"TC"
7002,"learn_1","NAcc",1,-54.8523635864258,"TC"
7002,"learn_1","NAcc",2,-78.584358215332,"TC"
7002,"learn_2","NAcc",1,-66.2716064453125,"TC"
7002,"learn_2","NAcc",2,-145.339660644531,"TC"
7002,"reverse_1","NAcc",1,-75.4999771118164,"TC"
7002,"reverse_1","NAcc",2,-84.0022888183594,"TC"
7002,"reverse_2","NAcc",1,4.77276659011841,"TC"
7002,"reverse_2","NAcc",2,-47.5637397766113,"TC"
7002,"learn_1","amyg",1,-53.4613151550293,"TC"
7002,"learn_1","amyg",2,-68.8723831176758,"TC"
7002,"learn_2","amyg",1,-44.4964027404785,"TC"
7002,"learn_2","amyg",2,-162.608108520508,"TC"
7002,"reverse_1","amyg",1,-10.4126625061035,"TC"
7002,"reverse_1","amyg",2,-25.7112770080566,"TC"
7002,"reverse_2","amyg",1,-25.3732604980469,"TC"
7002,"reverse_2","amyg",2,-28.1713581085205,"TC"
7004,"learn_1","putam",1,65.7875595092773,"TC"
7004,"learn_1","putam",2,-33.4529571533203,"TC"
7004,"learn_2","putam",1,2.86420154571533,"TC"
7004,"learn_2","putam",2,8.91098117828369,"TC"
7004,"reverse_1","putam",1,11.8457584381104,"TC"
7004,"reverse_1","putam",2,28.5010013580322,"TC"
7004,"reverse_2","putam",1,48.9992713928223,"TC"
7004,"reverse_2","putam",2,179.456451416016,"TC"
7004,"learn_1","caud",1,69.6316375732422,"TC"
7004,"learn_1","caud",2,-8.74418830871582,"TC"
7004,"learn_2","caud",1,-12.120717048645,"TC"
7004,"learn_2","caud",2,0.0935149416327477,"TC"
7004,"reverse_1","caud",1,27.2968502044678,"TC"
7004,"reverse_1","caud",2,43.2513809204102,"TC"
7004,"reverse_2","caud",1,67.5619125366211,"TC"
7004,"reverse_2","caud",2,258.561309814453,"TC"
7004,"learn_1","hipp",1,14.3443088531494,"TC"
7004,"learn_1","hipp",2,-21.3371486663818,"TC"
7004,"learn_2","hipp",1,-12.1590728759766,"TC"
7004,"learn_2","hipp",2,-72.8838882446289,"TC"
7004,"reverse_1","hipp",1,5.29465246200562,"TC"
7004,"reverse_1","hipp",2,33.3406982421875,"TC"
7004,"reverse_2","hipp",1,48.6180381774902,"TC"
7004,"reverse_2","hipp",2,86.8666305541992,"TC"
7004,"learn_1","NAcc",1,4.98613262176514,"TC"
7004,"learn_1","NAcc",2,-66.8014144897461,"TC"
7004,"learn_2","NAcc",1,-51.4401626586914,"TC"
7004,"learn_2","NAcc",2,-86.3992538452148,"TC"
7004,"reverse_1","NAcc",1,30.7778701782227,"TC"
7004,"reverse_1","NAcc",2,20.9588451385498,"TC"
7004,"reverse_2","NAcc",1,-7.24469566345215,"TC"
7004,"reverse_2","NAcc",2,99.8927993774414,"TC"
7004,"learn_1","amyg",1,7.11499214172363,"TC"
7004,"learn_1","amyg",2,-24.304349899292,"TC"
7004,"learn_2","amyg",1,2.20167541503906,"TC"
7004,"learn_2","amyg",2,-111.267776489258,"TC"
7004,"reverse_1","amyg",1,1.68802583217621,"TC"
7004,"reverse_1","amyg",2,-34.2512817382812,"TC"
7004,"reverse_2","amyg",1,49.5374755859375,"TC"
7004,"reverse_2","amyg",2,185.614547729492,"TC"
7005,"learn_1","putam",1,-7.15243625640869,"TC"
7005,"learn_1","putam",2,-26.6808223724365,"TC"
7005,"learn_2","putam",1,-13.4957847595215,"TC"
7005,"learn_2","putam",2,-65.6352386474609,"TC"
7005,"reverse_1","putam",1,4.96390151977539,"TC"
7005,"reverse_1","putam",2,9.18513965606689,"TC"
7005,"reverse_2","putam",1,42.7716293334961,"TC"
7005,"reverse_2","putam",2,-73.0212020874023,"TC"
7005,"learn_1","caud",1,-5.4791693687439,"TC"
7005,"learn_1","caud",2,-14.1720123291016,"TC"
7005,"learn_2","caud",1,22.9274921417236,"TC"
7005,"learn_2","caud",2,38.5304641723633,"TC"
7005,"reverse_1","caud",1,57.79296875,"TC"
7005,"reverse_1","caud",2,59.0933456420898,"TC"
7005,"reverse_2","caud",1,40.8010177612305,"TC"
7005,"reverse_2","caud",2,63.7256698608398,"TC"
7005,"learn_1","hipp",1,-7.10345077514648,"TC"
7005,"learn_1","hipp",2,-25.5389499664307,"TC"
7005,"learn_2","hipp",1,16.8447875976562,"TC"
7005,"learn_2","hipp",2,11.1032772064209,"TC"
7005,"reverse_1","hipp",1,-2.87607073783875,"TC"
7005,"reverse_1","hipp",2,-27.1275157928467,"TC"
7005,"reverse_2","hipp",1,10.830885887146,"TC"
7005,"reverse_2","hipp",2,59.5855102539062,"TC"
7005,"learn_1","NAcc",1,-30.0277938842773,"TC"
7005,"learn_1","NAcc",2,-141.524673461914,"TC"
7005,"learn_2","NAcc",1,-118.457908630371,"TC"
7005,"learn_2","NAcc",2,-203.498062133789,"TC"
7005,"reverse_1","NAcc",1,-28.4755096435547,"TC"
7005,"reverse_1","NAcc",2,-48.0883445739746,"TC"
7005,"reverse_2","NAcc",1,-8.43924999237061,"TC"
7005,"reverse_2","NAcc",2,-105.961112976074,"TC"
7005,"learn_1","amyg",1,-5.98291349411011,"TC"
7005,"learn_1","amyg",2,-39.0556106567383,"TC"
7005,"learn_2","amyg",1,-35.3370513916016,"TC"
7005,"learn_2","amyg",2,-3.06690168380737,"TC"
7005,"reverse_1","amyg",1,-5.74766111373901,"TC"
7005,"reverse_1","amyg",2,-43.8822402954102,"TC"
7005,"reverse_2","amyg",1,32.4068412780762,"TC"
7005,"reverse_2","amyg",2,166.290969848633,"TC"
7006,"learn_1","putam",1,-28.35524559021,"TC"
7006,"learn_1","putam",2,-15.3792676925659,"TC"
7006,"learn_2","putam",1,22.7459888458252,"TC"
7006,"learn_2","putam",2,24.028226852417,"TC"
7006,"reverse_1","putam",1,38.2874565124512,"TC"
7006,"reverse_1","putam",2,32.1638488769531,"TC"
7006,"reverse_2","putam",1,24.1695365905762,"TC"
7006,"reverse_2","putam",2,-25.4414005279541,"TC"
7006,"learn_1","caud",1,-39.6796340942383,"TC"
7006,"learn_1","caud",2,-32.3244590759277,"TC"
7006,"learn_2","caud",1,3.66212272644043,"TC"
7006,"learn_2","caud",2,23.2757015228271,"TC"
7006,"reverse_1","caud",1,41.9349021911621,"TC"
7006,"reverse_1","caud",2,58.2682342529297,"TC"
7006,"reverse_2","caud",1,0.840693831443787,"TC"
7006,"reverse_2","caud",2,-57.795768737793,"TC"
7006,"learn_1","hipp",1,-18.2086067199707,"TC"
7006,"learn_1","hipp",2,-28.6783485412598,"TC"
7006,"learn_2","hipp",1,-4.8925518989563,"TC"
7006,"learn_2","hipp",2,-32.0636253356934,"TC"
7006,"reverse_1","hipp",1,14.1793975830078,"TC"
7006,"reverse_1","hipp",2,-18.3470726013184,"TC"
7006,"reverse_2","hipp",1,-27.9037494659424,"TC"
7006,"reverse_2","hipp",2,-29.1306915283203,"TC"
7006,"learn_1","NAcc",1,-48.9221954345703,"TC"
7006,"learn_1","NAcc",2,-2.8896906375885,"TC"
7006,"learn_2","NAcc",1,14.4902868270874,"TC"
7006,"learn_2","NAcc",2,-202.337219238281,"TC"
7006,"reverse_1","NAcc",1,41.2660636901855,"TC"
7006,"reverse_1","NAcc",2,71.8694610595703,"TC"
7006,"reverse_2","NAcc",1,-32.0180397033691,"TC"
7006,"reverse_2","NAcc",2,-127.160621643066,"TC"
7006,"learn_1","amyg",1,-2.23551297187805,"TC"
7006,"learn_1","amyg",2,17.4949645996094,"TC"
7006,"learn_2","amyg",1,-32.1094284057617,"TC"
7006,"learn_2","amyg",2,-12.5574951171875,"TC"
7006,"reverse_1","amyg",1,-0.468868464231491,"TC"
7006,"reverse_1","amyg",2,15.6065216064453,"TC"
7006,"reverse_2","amyg",1,-14.5246896743774,"TC"
7006,"reverse_2","amyg",2,-38.7331504821777,"TC"
7008,"learn_1","putam",1,9.10231781005859,"TC"
7008,"learn_1","putam",2,-42.0030860900879,"TC"
7008,"learn_2","putam",1,-49.3971405029297,"TC"
7008,"learn_2","putam",2,-29.8516616821289,"TC"
7008,"reverse_1","putam",1,-30.9141616821289,"TC"
7008,"reverse_1","putam",2,-74.6490249633789,"TC"
7008,"reverse_2","putam",1,35.8967361450195,"TC"
7008,"reverse_2","putam",2,-64.4091110229492,"TC"
7008,"learn_1","caud",1,10.2612419128418,"TC"
7008,"learn_1","caud",2,-18.4783191680908,"TC"
7008,"learn_2","caud",1,-73.2276229858398,"TC"
7008,"learn_2","caud",2,91.5883026123047,"TC"
7008,"reverse_1","caud",1,-20.0416851043701,"TC"
7008,"reverse_1","caud",2,-22.8391418457031,"TC"
7008,"reverse_2","caud",1,-4.12867593765259,"TC"
7008,"reverse_2","caud",2,-32.4713287353516,"TC"
7008,"learn_1","hipp",1,-18.118688583374,"TC"
7008,"learn_1","hipp",2,-47.710521697998,"TC"
7008,"learn_2","hipp",1,-38.467357635498,"TC"
7008,"learn_2","hipp",2,36.6005783081055,"TC"
7008,"reverse_1","hipp",1,-45.8582572937012,"TC"
7008,"reverse_1","hipp",2,-38.5607376098633,"TC"
7008,"reverse_2","hipp",1,-7.34583520889282,"TC"
7008,"reverse_2","hipp",2,-19.1577281951904,"TC"
7008,"learn_1","NAcc",1,17.2317142486572,"TC"
7008,"learn_1","NAcc",2,7.13799858093262,"TC"
7008,"learn_2","NAcc",1,11.1456232070923,"TC"
7008,"learn_2","NAcc",2,27.2695159912109,"TC"
7008,"reverse_1","NAcc",1,35.5972137451172,"TC"
7008,"reverse_1","NAcc",2,20.7183361053467,"TC"
7008,"reverse_2","NAcc",1,6.47496366500854,"TC"
7008,"reverse_2","NAcc",2,-111.84789276123,"TC"
7008,"learn_1","amyg",1,-9.396728515625,"TC"
7008,"learn_1","amyg",2,-44.7548751831055,"TC"
7008,"learn_2","amyg",1,-8.96248340606689,"TC"
7008,"learn_2","amyg",2,3.61268854141235,"TC"
7008,"reverse_1","amyg",1,-3.01362657546997,"TC"
7008,"reverse_1","amyg",2,-37.5025062561035,"TC"
7008,"reverse_2","amyg",1,6.27571821212769,"TC"
7008,"reverse_2","amyg",2,-37.5155296325684,"TC"
7009,"learn_1","putam",1,30.4049491882324,"TC"
7009,"learn_1","putam",2,52.2553558349609,"TC"
7009,"learn_2","putam",1,-98.6539840698242,"TC"
7009,"learn_2","putam",2,-37.5921630859375,"TC"
7009,"reverse_1","putam",1,-24.8629722595215,"TC"
7009,"reverse_1","putam",2,-65.6257781982422,"TC"
7009,"reverse_2","putam",1,0.410106599330902,"TC"
7009,"reverse_2","putam",2,-84.744758605957,"TC"
7009,"learn_1","caud",1,15.8351755142212,"TC"
7009,"learn_1","caud",2,73.511962890625,"TC"
7009,"learn_2","caud",1,-96.2037658691406,"TC"
7009,"learn_2","caud",2,-19.2260131835938,"TC"
7009,"reverse_1","caud",1,-21.0222625732422,"TC"
7009,"reverse_1","caud",2,-37.1588516235352,"TC"
7009,"reverse_2","caud",1,-48.5799179077148,"TC"
7009,"reverse_2","caud",2,-91.5657348632812,"TC"
7009,"learn_1","hipp",1,46.4996643066406,"TC"
7009,"learn_1","hipp",2,65.9425964355469,"TC"
7009,"learn_2","hipp",1,-89.6919021606445,"TC"
7009,"learn_2","hipp",2,-83.604248046875,"TC"
7009,"reverse_1","hipp",1,-28.5117263793945,"TC"
7009,"reverse_1","hipp",2,-32.4272880554199,"TC"
7009,"reverse_2","hipp",1,-71.3205337524414,"TC"
7009,"reverse_2","hipp",2,-69.7419204711914,"TC"
7009,"learn_1","NAcc",1,70.3672332763672,"TC"
7009,"learn_1","NAcc",2,40.5090370178223,"TC"
7009,"learn_2","NAcc",1,-145.647201538086,"TC"
7009,"learn_2","NAcc",2,-82.2654800415039,"TC"
7009,"reverse_1","NAcc",1,-42.2004623413086,"TC"
7009,"reverse_1","NAcc",2,-102.224349975586,"TC"
7009,"reverse_2","NAcc",1,11.7265911102295,"TC"
7009,"reverse_2","NAcc",2,-12.8601112365723,"TC"
7009,"learn_1","amyg",1,80.5523071289062,"TC"
7009,"learn_1","amyg",2,-11.9385070800781,"TC"
7009,"learn_2","amyg",1,-19.1304740905762,"TC"
7009,"learn_2","amyg",2,-89.1788787841797,"TC"
7009,"reverse_1","amyg",1,-30.6695747375488,"TC"
7009,"reverse_1","amyg",2,19.6619262695312,"TC"
7009,"reverse_2","amyg",1,-78.4619827270508,"TC"
7009,"reverse_2","amyg",2,3.86424446105957,"TC"
7010,"learn_1","putam",1,-4.20171976089478,"TC"
7010,"learn_1","putam",2,-23.7744598388672,"TC"
7010,"learn_2","putam",1,10.677924156189,"TC"
7010,"learn_2","putam",2,1.04709339141846,"TC"
7010,"reverse_1","putam",1,-7.36245250701904,"TC"
7010,"reverse_1","putam",2,-21.0599365234375,"TC"
7010,"reverse_2","putam",1,20.784912109375,"TC"
7010,"reverse_2","putam",2,-36.2241439819336,"TC"
7010,"learn_1","caud",1,-0.564550697803497,"TC"
7010,"learn_1","caud",2,-33.3628311157227,"TC"
7010,"learn_2","caud",1,-4.39043188095093,"TC"
7010,"learn_2","caud",2,-5.09620475769043,"TC"
7010,"reverse_1","caud",1,-8.00720691680908,"TC"
7010,"reverse_1","caud",2,-25.7090301513672,"TC"
7010,"reverse_2","caud",1,-10.3475227355957,"TC"
7010,"reverse_2","caud",2,-122.457107543945,"TC"
7010,"learn_1","hipp",1,2.4437313079834,"TC"
7010,"learn_1","hipp",2,-14.6126117706299,"TC"
7010,"learn_2","hipp",1,-5.92136764526367,"TC"
7010,"learn_2","hipp",2,-28.60133934021,"TC"
7010,"reverse_1","hipp",1,-12.5803899765015,"TC"
7010,"reverse_1","hipp",2,-47.430362701416,"TC"
7010,"reverse_2","hipp",1,6.78917503356934,"TC"
7010,"reverse_2","hipp",2,-24.6250858306885,"TC"
7010,"learn_1","NAcc",1,-32.1452407836914,"TC"
7010,"learn_1","NAcc",2,-60.4361610412598,"TC"
7010,"learn_2","NAcc",1,8.7458438873291,"TC"
7010,"learn_2","NAcc",2,-15.0381345748901,"TC"
7010,"reverse_1","NAcc",1,4.57570838928223,"TC"
7010,"reverse_1","NAcc",2,-15.2147693634033,"TC"
7010,"reverse_2","NAcc",1,-27.1977310180664,"TC"
7010,"reverse_2","NAcc",2,-191.358184814453,"TC"
7010,"learn_1","amyg",1,-30.1202182769775,"TC"
7010,"learn_1","amyg",2,-0.568149149417877,"TC"
7010,"learn_2","amyg",1,-50.426212310791,"TC"
7010,"learn_2","amyg",2,-76.7280960083008,"TC"
7010,"reverse_1","amyg",1,5.82226610183716,"TC"
7010,"reverse_1","amyg",2,-60.4507904052734,"TC"
7010,"reverse_2","amyg",1,30.1329460144043,"TC"
7010,"reverse_2","amyg",2,9.56957721710205,"TC"
7012,"learn_1","putam",1,42.507007598877,"TC"
7012,"learn_1","putam",2,0.813361465930939,"TC"
7012,"learn_2","putam",1,25.3600234985352,"TC"
7012,"learn_2","putam",2,32.979679107666,"TC"
7012,"reverse_1","putam",1,-0.312943041324615,"TC"
7012,"reverse_1","putam",2,-23.1845798492432,"TC"
7012,"reverse_2","putam",1,-10.6471357345581,"TC"
7012,"reverse_2","putam",2,-21.8135852813721,"TC"
7012,"learn_1","caud",1,36.3808135986328,"TC"
7012,"learn_1","caud",2,-21.0809364318848,"TC"
7012,"learn_2","caud",1,36.5212326049805,"TC"
7012,"learn_2","caud",2,44.7347297668457,"TC"
7012,"reverse_1","caud",1,-35.4016418457031,"TC"
7012,"reverse_1","caud",2,-23.0259666442871,"TC"
7012,"reverse_2","caud",1,-34.589527130127,"TC"
7012,"reverse_2","caud",2,170.359420776367,"TC"
7012,"learn_1","hipp",1,32.3606643676758,"TC"
7012,"learn_1","hipp",2,-3.70905566215515,"TC"
7012,"learn_2","hipp",1,-24.8547229766846,"TC"
7012,"learn_2","hipp",2,-46.6876945495605,"TC"
7012,"reverse_1","hipp",1,19.9506664276123,"TC"
7012,"reverse_1","hipp",2,-38.820987701416,"TC"
7012,"reverse_2","hipp",1,-22.7057666778564,"TC"
7012,"reverse_2","hipp",2,-64.2611923217773,"TC"
7012,"learn_1","NAcc",1,39.7912330627441,"TC"
7012,"learn_1","NAcc",2,9.89501476287842,"TC"
7012,"learn_2","NAcc",1,-25.5819320678711,"TC"
7012,"learn_2","NAcc",2,42.4296264648438,"TC"
7012,"reverse_1","NAcc",1,-83.7175674438477,"TC"
7012,"reverse_1","NAcc",2,-63.5037269592285,"TC"
7012,"reverse_2","NAcc",1,-96.243278503418,"TC"
7012,"reverse_2","NAcc",2,90.7048645019531,"TC"
7012,"learn_1","amyg",1,42.3887214660645,"TC"
7012,"learn_1","amyg",2,32.9308624267578,"TC"
7012,"learn_2","amyg",1,-13.1061868667603,"TC"
7012,"learn_2","amyg",2,-26.2532520294189,"TC"
7012,"reverse_1","amyg",1,-66.8580703735352,"TC"
7012,"reverse_1","amyg",2,-63.9402084350586,"TC"
7012,"reverse_2","amyg",1,-30.9267387390137,"TC"
7012,"reverse_2","amyg",2,-46.996208190918,"TC"
7013,"learn_1","putam",1,16.7887268066406,"TC"
7013,"learn_1","putam",2,0.083147719502449,"TC"
7013,"learn_2","putam",1,18.4070625305176,"TC"
7013,"reverse_1","putam",1,22.1227111816406,"TC"
7013,"reverse_1","putam",2,-18.6424598693848,"TC"
7013,"reverse_2","putam",1,13.3710231781006,"TC"
7013,"reverse_2","putam",2,-1.38527622706164e-09,"TC"
7013,"learn_1","caud",1,31.7478141784668,"TC"
7013,"learn_1","caud",2,7.05536222457886,"TC"
7013,"learn_2","caud",1,8.1685733795166,"TC"
7013,"reverse_1","caud",1,26.4116630554199,"TC"
7013,"reverse_1","caud",2,18.9921875,"TC"
7013,"reverse_2","caud",1,17.8750629425049,"TC"
7013,"reverse_2","caud",2,-1.66651337174528e-09,"TC"
7013,"learn_1","hipp",1,-2.66782021522522,"TC"
7013,"learn_1","hipp",2,-0.189821437001228,"TC"
7013,"learn_2","hipp",1,15.6001853942871,"TC"
7013,"reverse_1","hipp",1,-8.50230503082275,"TC"
7013,"reverse_1","hipp",2,-30.9530200958252,"TC"
7013,"reverse_2","hipp",1,-4.1265230178833,"TC"
7013,"reverse_2","hipp",2,-2.09554573693538e-09,"TC"
7013,"learn_1","NAcc",1,-18.8884906768799,"TC"
7013,"learn_1","NAcc",2,-31.1557369232178,"TC"
7013,"learn_2","NAcc",1,-24.9080924987793,"TC"
7013,"reverse_1","NAcc",1,-35.2073249816895,"TC"
7013,"reverse_1","NAcc",2,-88.3814315795898,"TC"
7013,"reverse_2","NAcc",1,-17.894868850708,"TC"
7013,"reverse_2","NAcc",2,-1.86628845710857e-09,"TC"
7013,"learn_1","amyg",1,2.94805860519409,"TC"
7013,"learn_1","amyg",2,10.536735534668,"TC"
7013,"learn_2","amyg",1,4.62517499923706,"TC"
7013,"reverse_1","amyg",1,6.95508098602295,"TC"
7013,"reverse_1","amyg",2,-25.4466323852539,"TC"
7013,"reverse_2","amyg",1,22.5885410308838,"TC"
7013,"reverse_2","amyg",2,-6.64190535903941e-10,"TC"
7016,"learn_1","putam",1,-3.65804409980774,"TC"
7016,"learn_1","putam",2,-15.8661165237427,"TC"
7016,"learn_2","putam",1,-38.1800155639648,"TC"
7016,"learn_2","putam",2,-1.56932187080383,"TC"
7016,"reverse_1","putam",1,1.8215217590332,"TC"
7016,"reverse_1","putam",2,-3.73218011856079,"TC"
7016,"reverse_2","putam",1,54.7635459899902,"TC"
7016,"reverse_2","putam",2,-69.7179794311523,"TC"
7016,"learn_1","caud",1,-12.3835258483887,"TC"
7016,"learn_1","caud",2,-45.0477104187012,"TC"
7016,"learn_2","caud",1,12.6441230773926,"TC"
7016,"learn_2","caud",2,-64.4552764892578,"TC"
7016,"reverse_1","caud",1,-0.331156641244888,"TC"
7016,"reverse_1","caud",2,-10.2876081466675,"TC"
7016,"reverse_2","caud",1,10.0013599395752,"TC"
7016,"reverse_2","caud",2,19.0403175354004,"TC"
7016,"learn_1","hipp",1,-23.0259265899658,"TC"
7016,"learn_1","hipp",2,-32.6637001037598,"TC"
7016,"learn_2","hipp",1,-5.40918874740601,"TC"
7016,"learn_2","hipp",2,-12.9671020507812,"TC"
7016,"reverse_1","hipp",1,-4.53077936172485,"TC"
7016,"reverse_1","hipp",2,-94.2528915405273,"TC"
7016,"reverse_2","hipp",1,-26.7185363769531,"TC"
7016,"reverse_2","hipp",2,-81.4746017456055,"TC"
7016,"learn_1","NAcc",1,-8.43315029144287,"TC"
7016,"learn_1","NAcc",2,-119.979797363281,"TC"
7016,"learn_2","NAcc",1,-24.3559722900391,"TC"
7016,"learn_2","NAcc",2,-118.565155029297,"TC"
7016,"reverse_1","NAcc",1,-61.6072311401367,"TC"
7016,"reverse_1","NAcc",2,-146.716293334961,"TC"
7016,"reverse_2","NAcc",1,-8.63368701934814,"TC"
7016,"reverse_2","NAcc",2,-202.58268737793,"TC"
7016,"learn_1","amyg",1,-41.4034538269043,"TC"
7016,"learn_1","amyg",2,-32.6342124938965,"TC"
7016,"learn_2","amyg",1,19.5020446777344,"TC"
7016,"learn_2","amyg",2,90.9090881347656,"TC"
7016,"reverse_1","amyg",1,-7.59737300872803,"TC"
7016,"reverse_1","amyg",2,-118.376129150391,"TC"
7016,"reverse_2","amyg",1,6.44112777709961,"TC"
7016,"reverse_2","amyg",2,-39.3528213500977,"TC"
7017,"learn_1","putam",1,-4.16147804260254,"TC"
7017,"learn_1","putam",2,-16.1488990783691,"TC"
7017,"learn_2","putam",1,29.0527992248535,"TC"
7017,"learn_2","putam",2,14.2870779037476,"TC"
7017,"reverse_1","putam",1,-11.1340341567993,"TC"
7017,"reverse_1","putam",2,13.3275718688965,"TC"
7017,"reverse_2","putam",1,-11.0868120193481,"TC"
7017,"reverse_2","putam",2,-13.1812953948975,"TC"
7017,"learn_1","caud",1,-9.3146858215332,"TC"
7017,"learn_1","caud",2,-7.38718509674072,"TC"
7017,"learn_2","caud",1,31.0885829925537,"TC"
7017,"learn_2","caud",2,34.6112823486328,"TC"
7017,"reverse_1","caud",1,-3.08789420127869,"TC"
7017,"reverse_1","caud",2,38.4655113220215,"TC"
7017,"reverse_2","caud",1,-32.0786514282227,"TC"
7017,"reverse_2","caud",2,-30.9053001403809,"TC"
7017,"learn_1","hipp",1,-18.0968761444092,"TC"
7017,"learn_1","hipp",2,-22.5514335632324,"TC"
7017,"learn_2","hipp",1,27.4555549621582,"TC"
7017,"learn_2","hipp",2,-2.29810118675232,"TC"
7017,"reverse_1","hipp",1,45.9012298583984,"TC"
7017,"reverse_1","hipp",2,26.9625968933105,"TC"
7017,"reverse_2","hipp",1,-14.8602895736694,"TC"
7017,"reverse_2","hipp",2,54.469898223877,"TC"
7017,"learn_1","NAcc",1,-18.4199962615967,"TC"
7017,"learn_1","NAcc",2,-27.3232803344727,"TC"
7017,"learn_2","NAcc",1,39.3485260009766,"TC"
7017,"learn_2","NAcc",2,24.4845199584961,"TC"
7017,"reverse_1","NAcc",1,66.5983963012695,"TC"
7017,"reverse_1","NAcc",2,6.33846187591553,"TC"
7017,"reverse_2","NAcc",1,-33.7651329040527,"TC"
7017,"reverse_2","NAcc",2,-34.3171691894531,"TC"
7017,"learn_1","amyg",1,4.79101800918579,"TC"
7017,"learn_1","amyg",2,-9.65907001495361,"TC"
7017,"learn_2","amyg",1,51.3043060302734,"TC"
7017,"learn_2","amyg",2,-6.40911626815796,"TC"
7017,"reverse_1","amyg",1,-57.4128723144531,"TC"
7017,"reverse_1","amyg",2,-34.2195091247559,"TC"
7017,"reverse_2","amyg",1,-41.8328247070312,"TC"
7017,"reverse_2","amyg",2,-9.10792922973633,"TC"
7018,"learn_1","putam",1,-1.30897498130798,"TC"
7018,"learn_1","putam",2,4.17679405212402,"TC"
7018,"learn_2","putam",1,-23.0609264373779,"TC"
7018,"learn_2","putam",2,12.7238388061523,"TC"
7018,"reverse_1","putam",1,-5.39627504348755,"TC"
7018,"reverse_1","putam",2,-5.75349998474121,"TC"
7018,"reverse_2","putam",1,-18.4425220489502,"TC"
7018,"reverse_2","putam",2,-80.6443862915039,"TC"
7018,"learn_1","caud",1,-15.2268218994141,"TC"
7018,"learn_1","caud",2,-16.7726860046387,"TC"
7018,"learn_2","caud",1,-8.88672637939453,"TC"
7018,"learn_2","caud",2,3.57193183898926,"TC"
7018,"reverse_1","caud",1,-1.0826450586319,"TC"
7018,"reverse_1","caud",2,-24.0223846435547,"TC"
7018,"reverse_2","caud",1,-32.8008766174316,"TC"
7018,"reverse_2","caud",2,-25.631254196167,"TC"
7018,"learn_1","hipp",1,13.9132137298584,"TC"
7018,"learn_1","hipp",2,-25.1314258575439,"TC"
7018,"learn_2","hipp",1,-5.80900478363037,"TC"
7018,"learn_2","hipp",2,-44.1811904907227,"TC"
7018,"reverse_1","hipp",1,30.4906139373779,"TC"
7018,"reverse_1","hipp",2,25.9896202087402,"TC"
7018,"reverse_2","hipp",1,16.8021793365479,"TC"
7018,"reverse_2","hipp",2,-91.1681900024414,"TC"
7018,"learn_1","NAcc",1,53.1807556152344,"TC"
7018,"learn_1","NAcc",2,-18.1242656707764,"TC"
7018,"learn_2","NAcc",1,10.6435651779175,"TC"
7018,"learn_2","NAcc",2,21.3325233459473,"TC"
7018,"reverse_1","NAcc",1,17.1454563140869,"TC"
7018,"reverse_1","NAcc",2,-68.3569259643555,"TC"
7018,"reverse_2","NAcc",1,-77.8785018920898,"TC"
7018,"reverse_2","NAcc",2,-155.41813659668,"TC"
7018,"learn_1","amyg",1,-5.6993350982666,"TC"
7018,"learn_1","amyg",2,-73.4507446289062,"TC"
7018,"learn_2","amyg",1,13.1731176376343,"TC"
7018,"learn_2","amyg",2,-45.2611923217773,"TC"
7018,"reverse_1","amyg",1,32.0835266113281,"TC"
7018,"reverse_1","amyg",2,14.5319452285767,"TC"
7018,"reverse_2","amyg",1,42.4897918701172,"TC"
7018,"reverse_2","amyg",2,-14.8751916885376,"TC"
7021,"learn_1","putam",1,-59.8194885253906,"TC"
7021,"learn_1","putam",2,1.24369919300079,"TC"
7021,"learn_2","putam",1,105.414337158203,"TC"
7021,"learn_2","putam",2,0.247900947928429,"TC"
7021,"reverse_1","putam",1,29.3031368255615,"TC"
7021,"reverse_1","putam",2,29.9258880615234,"TC"
7021,"reverse_2","putam",1,-44.597713470459,"TC"
7021,"reverse_2","putam",2,26.0062770843506,"TC"
7021,"learn_1","caud",1,-26.9358825683594,"TC"
7021,"learn_1","caud",2,-21.0199012756348,"TC"
7021,"learn_2","caud",1,119.945907592773,"TC"
7021,"learn_2","caud",2,-24.6170711517334,"TC"
7021,"reverse_1","caud",1,-20.3757953643799,"TC"
7021,"reverse_1","caud",2,104.50080871582,"TC"
7021,"reverse_2","caud",1,-56.2268333435059,"TC"
7021,"reverse_2","caud",2,7.39954376220703,"TC"
7021,"learn_1","hipp",1,-36.5855598449707,"TC"
7021,"learn_1","hipp",2,4.39908933639526,"TC"
7021,"learn_2","hipp",1,110.673492431641,"TC"
7021,"learn_2","hipp",2,-31.0853691101074,"TC"
7021,"reverse_1","hipp",1,-1.77238392829895,"TC"
7021,"reverse_1","hipp",2,30.6968059539795,"TC"
7021,"reverse_2","hipp",1,1.61759126186371,"TC"
7021,"reverse_2","hipp",2,4.70769500732422,"TC"
7021,"learn_1","NAcc",1,-2.93102860450745,"TC"
7021,"learn_1","NAcc",2,-35.6181297302246,"TC"
7021,"learn_2","NAcc",1,68.2470779418945,"TC"
7021,"learn_2","NAcc",2,-64.7758941650391,"TC"
7021,"reverse_1","NAcc",1,-99.522331237793,"TC"
7021,"reverse_1","NAcc",2,86.0631866455078,"TC"
7021,"reverse_2","NAcc",1,-61.2174873352051,"TC"
7021,"reverse_2","NAcc",2,47.3526840209961,"TC"
7021,"learn_1","amyg",1,1.36736023426056,"TC"
7021,"learn_1","amyg",2,12.9938735961914,"TC"
7021,"learn_2","amyg",1,148.945892333984,"TC"
7021,"learn_2","amyg",2,-23.8563613891602,"TC"
7021,"reverse_1","amyg",1,4.20721340179443,"TC"
7021,"reverse_1","amyg",2,-16.1362266540527,"TC"
7021,"reverse_2","amyg",1,49.2008819580078,"TC"
7021,"reverse_2","amyg",2,-1.15271198749542,"TC"
7022,"learn_1","putam",1,-11.4197807312012,"TC"
7022,"learn_1","putam",2,-16.7328224182129,"TC"
7022,"learn_2","putam",1,-5.28357172012329,"TC"
7022,"learn_2","putam",2,-20.2604427337646,"TC"
7022,"reverse_1","putam",1,-8.13235759735107,"TC"
7022,"reverse_1","putam",2,-13.4232759475708,"TC"
7022,"reverse_2","putam",1,-7.28552055358887,"TC"
7022,"reverse_2","putam",2,-35.1480674743652,"TC"
7022,"learn_1","caud",1,-16.1859226226807,"TC"
7022,"learn_1","caud",2,-37.7189750671387,"TC"
7022,"learn_2","caud",1,-30.6569728851318,"TC"
7022,"learn_2","caud",2,-17.9905815124512,"TC"
7022,"reverse_1","caud",1,7.59125757217407,"TC"
7022,"reverse_1","caud",2,8.6470365524292,"TC"
7022,"reverse_2","caud",1,6.98751020431519,"TC"
7022,"reverse_2","caud",2,-41.6437110900879,"TC"
7022,"learn_1","hipp",1,-33.2282943725586,"TC"
7022,"learn_1","hipp",2,-20.4313049316406,"TC"
7022,"learn_2","hipp",1,0.689245939254761,"TC"
7022,"learn_2","hipp",2,-47.4159126281738,"TC"
7022,"reverse_1","hipp",1,-16.5330619812012,"TC"
7022,"reverse_1","hipp",2,-22.8904037475586,"TC"
7022,"reverse_2","hipp",1,-9.47235202789307,"TC"
7022,"reverse_2","hipp",2,-51.1915473937988,"TC"
7022,"learn_1","NAcc",1,26.2895889282227,"TC"
7022,"learn_1","NAcc",2,-30.9973926544189,"TC"
7022,"learn_2","NAcc",1,-22.4458656311035,"TC"
7022,"learn_2","NAcc",2,-67.0336303710938,"TC"
7022,"reverse_1","NAcc",1,-0.281479835510254,"TC"
7022,"reverse_1","NAcc",2,-47.0124053955078,"TC"
7022,"reverse_2","NAcc",1,55.7503890991211,"TC"
7022,"reverse_2","NAcc",2,-42.739429473877,"TC"
7022,"learn_1","amyg",1,-5.05614137649536,"TC"
7022,"learn_1","amyg",2,-8.62863445281982,"TC"
7022,"learn_2","amyg",1,16.3224658966064,"TC"
7022,"learn_2","amyg",2,-16.7064666748047,"TC"
7022,"reverse_1","amyg",1,-12.421275138855,"TC"
7022,"reverse_1","amyg",2,-16.8575038909912,"TC"
7022,"reverse_2","amyg",1,-6.9026141166687,"TC"
7022,"reverse_2","amyg",2,-59.4874572753906,"TC"
7025,"learn_1","putam",1,-12.4083919525146,"TC"
7025,"learn_1","putam",2,-49.6419677734375,"TC"
7025,"learn_2","putam",1,-32.9858436584473,"TC"
7025,"learn_2","putam",2,-34.7720069885254,"TC"
7025,"reverse_1","putam",1,4.27339649200439,"TC"
7025,"reverse_1","putam",2,-31.2350788116455,"TC"
7025,"reverse_2","putam",1,3.85033106803894,"TC"
7025,"reverse_2","putam",2,64.778564453125,"TC"
7025,"learn_1","caud",1,-26.9071521759033,"TC"
7025,"learn_1","caud",2,-61.2344741821289,"TC"
7025,"learn_2","caud",1,-21.3950634002686,"TC"
7025,"learn_2","caud",2,-29.0444679260254,"TC"
7025,"reverse_1","caud",1,1.72426271438599,"TC"
7025,"reverse_1","caud",2,-26.7044315338135,"TC"
7025,"reverse_2","caud",1,-25.7083740234375,"TC"
7025,"reverse_2","caud",2,46.7626533508301,"TC"
7025,"learn_1","hipp",1,-16.5389842987061,"TC"
7025,"learn_1","hipp",2,-29.3365421295166,"TC"
7025,"learn_2","hipp",1,-76.7023620605469,"TC"
7025,"learn_2","hipp",2,-30.6961154937744,"TC"
7025,"reverse_1","hipp",1,-50.6399192810059,"TC"
7025,"reverse_1","hipp",2,-54.0300025939941,"TC"
7025,"reverse_2","hipp",1,-37.3665962219238,"TC"
7025,"reverse_2","hipp",2,44.8084869384766,"TC"
7025,"learn_1","NAcc",1,11.008355140686,"TC"
7025,"learn_1","NAcc",2,-18.328742980957,"TC"
7025,"learn_2","NAcc",1,-46.0591049194336,"TC"
7025,"learn_2","NAcc",2,-75.2789306640625,"TC"
7025,"reverse_1","NAcc",1,-34.6004028320312,"TC"
7025,"reverse_1","NAcc",2,-47.3776359558105,"TC"
7025,"reverse_2","NAcc",1,-21.9751625061035,"TC"
7025,"reverse_2","NAcc",2,38.7671737670898,"TC"
7025,"learn_1","amyg",1,-4.64088344573975,"TC"
7025,"learn_1","amyg",2,-9.53985691070557,"TC"
7025,"learn_2","amyg",1,-82.9757766723633,"TC"
7025,"learn_2","amyg",2,-63.3463554382324,"TC"
7025,"reverse_1","amyg",1,-79.1346969604492,"TC"
7025,"reverse_1","amyg",2,-73.4519729614258,"TC"
7025,"reverse_2","amyg",1,-9.05879688262939,"TC"
7025,"reverse_2","amyg",2,39.1491470336914,"TC"
7026,"learn_1","putam",1,44.9531440734863,"TC"
7026,"learn_1","putam",2,-116.872230529785,"TC"
7026,"learn_2","putam",1,-45.700065612793,"TC"
7026,"learn_2","putam",2,-136.642608642578,"TC"
7026,"reverse_1","putam",1,-65.313102722168,"TC"
7026,"reverse_1","putam",2,-39.9485282897949,"TC"
7026,"reverse_2","putam",1,50.8163871765137,"TC"
7026,"reverse_2","putam",2,216.546112060547,"TC"
7026,"learn_1","caud",1,3.84409070014954,"TC"
7026,"learn_1","caud",2,-127.293746948242,"TC"
7026,"learn_2","caud",1,-71.9539566040039,"TC"
7026,"learn_2","caud",2,-45.0672988891602,"TC"
7026,"reverse_1","caud",1,-78.0208511352539,"TC"
7026,"reverse_1","caud",2,-44.6698455810547,"TC"
7026,"reverse_2","caud",1,42.7756805419922,"TC"
7026,"reverse_2","caud",2,282.322601318359,"TC"
7026,"learn_1","hipp",1,20.0927467346191,"TC"
7026,"learn_1","hipp",2,-76.6411819458008,"TC"
7026,"learn_2","hipp",1,-54.0376281738281,"TC"
7026,"learn_2","hipp",2,-108.542533874512,"TC"
7026,"reverse_1","hipp",1,-85.6937713623047,"TC"
7026,"reverse_1","hipp",2,-63.6559371948242,"TC"
7026,"reverse_2","hipp",1,57.3993263244629,"TC"
7026,"reverse_2","hipp",2,151.73095703125,"TC"
7026,"learn_1","NAcc",1,0.796871960163116,"TC"
7026,"learn_1","NAcc",2,-227.85595703125,"TC"
7026,"learn_2","NAcc",1,-53.1211738586426,"TC"
7026,"learn_2","NAcc",2,-57.2641296386719,"TC"
7026,"reverse_1","NAcc",1,-81.9403915405273,"TC"
7026,"reverse_1","NAcc",2,-14.3467893600464,"TC"
7026,"reverse_2","NAcc",1,66.9339294433594,"TC"
7026,"reverse_2","NAcc",2,241.374801635742,"TC"
7026,"learn_1","amyg",1,-15.2042188644409,"TC"
7026,"learn_1","amyg",2,-155.229095458984,"TC"
7026,"learn_2","amyg",1,-67.2822494506836,"TC"
7026,"learn_2","amyg",2,-114.755722045898,"TC"
7026,"reverse_1","amyg",1,-59.0836524963379,"TC"
7026,"reverse_1","amyg",2,-17.2925319671631,"TC"
7026,"reverse_2","amyg",1,35.164005279541,"TC"
7026,"reverse_2","amyg",2,110.186836242676,"TC"
7027,"learn_1","putam",1,1.46522068977356,"TC"
7027,"learn_1","putam",2,-33.8162307739258,"TC"
7027,"learn_2","putam",1,-17.6075782775879,"TC"
7027,"reverse_1","putam",1,-9.71667671203613,"TC"
7027,"reverse_1","putam",2,-28.7919998168945,"TC"
7027,"reverse_2","putam",1,-4.9046688079834,"TC"
7027,"reverse_2","putam",2,-40.114128112793,"TC"
7027,"learn_1","caud",1,-7.83998394012451,"TC"
7027,"learn_1","caud",2,-29.090274810791,"TC"
7027,"learn_2","caud",1,9.43419361114502,"TC"
7027,"reverse_1","caud",1,-5.11016607284546,"TC"
7027,"reverse_1","caud",2,-26.7783527374268,"TC"
7027,"reverse_2","caud",1,-4.0871376991272,"TC"
7027,"reverse_2","caud",2,39.4562034606934,"TC"
7027,"learn_1","hipp",1,-6.50015592575073,"TC"
7027,"learn_1","hipp",2,5.11758184432983,"TC"
7027,"learn_2","hipp",1,-28.3100910186768,"TC"
7027,"reverse_1","hipp",1,-11.9415588378906,"TC"
7027,"reverse_1","hipp",2,-32.7794036865234,"TC"
7027,"reverse_2","hipp",1,-22.1302871704102,"TC"
7027,"reverse_2","hipp",2,75.797248840332,"TC"
7027,"learn_1","NAcc",1,21.0215454101562,"TC"
7027,"learn_1","NAcc",2,34.9875144958496,"TC"
7027,"learn_2","NAcc",1,-88.7471084594727,"TC"
7027,"reverse_1","NAcc",1,-55.9907417297363,"TC"
7027,"reverse_1","NAcc",2,-121.428276062012,"TC"
7027,"reverse_2","NAcc",1,-32.1853713989258,"TC"
7027,"reverse_2","NAcc",2,-23.3270664215088,"TC"
7027,"learn_1","amyg",1,5.35919952392578,"TC"
7027,"learn_1","amyg",2,33.246753692627,"TC"
7027,"learn_2","amyg",1,-14.6691083908081,"TC"
7027,"reverse_1","amyg",1,-0.61458146572113,"TC"
7027,"reverse_1","amyg",2,12.8552474975586,"TC"
7027,"reverse_2","amyg",1,-34.4988632202148,"TC"
7027,"reverse_2","amyg",2,37.8105430603027,"TC"
7035,"learn_1","putam",1,-7.51958513259888,"TC"
7035,"learn_1","putam",2,-64.3313980102539,"TC"
7035,"learn_2","putam",1,30.4192543029785,"TC"
7035,"reverse_1","putam",1,-36.0962867736816,"TC"
7035,"reverse_1","putam",2,-38.4095191955566,"TC"
7035,"reverse_2","putam",1,-10.774528503418,"TC"
7035,"reverse_2","putam",2,-12.7967510223389,"TC"
7035,"learn_1","caud",1,-11.7984132766724,"TC"
7035,"learn_1","caud",2,-38.1346473693848,"TC"
7035,"learn_2","caud",1,37.4975662231445,"TC"
7035,"reverse_1","caud",1,-30.640588760376,"TC"
7035,"reverse_1","caud",2,-40.9777336120605,"TC"
7035,"reverse_2","caud",1,-13.0217580795288,"TC"
7035,"reverse_2","caud",2,13.7729206085205,"TC"
7035,"learn_1","hipp",1,-35.1684112548828,"TC"
7035,"learn_1","hipp",2,-63.2528076171875,"TC"
7035,"learn_2","hipp",1,7.56311082839966,"TC"
7035,"reverse_1","hipp",1,-4.96822929382324,"TC"
7035,"reverse_1","hipp",2,-38.6911239624023,"TC"
7035,"reverse_2","hipp",1,-24.3230590820312,"TC"
7035,"reverse_2","hipp",2,-0.0512472130358219,"TC"
7035,"learn_1","NAcc",1,-58.5003776550293,"TC"
7035,"learn_1","NAcc",2,-162.227645874023,"TC"
7035,"learn_2","NAcc",1,51.5909690856934,"TC"
7035,"reverse_1","NAcc",1,-56.9229125976562,"TC"
7035,"reverse_1","NAcc",2,-99.5601501464844,"TC"
7035,"reverse_2","NAcc",1,-27.9057502746582,"TC"
7035,"reverse_2","NAcc",2,115.79638671875,"TC"
7035,"learn_1","amyg",1,-7.16407680511475,"TC"
7035,"learn_1","amyg",2,13.3147735595703,"TC"
7035,"learn_2","amyg",1,17.4737758636475,"TC"
7035,"reverse_1","amyg",1,4.90294647216797,"TC"
7035,"reverse_1","amyg",2,-11.4770421981812,"TC"
7035,"reverse_2","amyg",1,-3.92665863037109,"TC"
7035,"reverse_2","amyg",2,-34.6431922912598,"TC"
7037,"learn_1","putam",1,-52.0614128112793,"TC"
7037,"learn_1","putam",2,-49.6105003356934,"TC"
7037,"learn_2","putam",1,-12.8842277526855,"TC"
7037,"learn_2","putam",2,10.3058776855469,"TC"
7037,"reverse_1","putam",1,-16.1105632781982,"TC"
7037,"reverse_1","putam",2,-30.46484375,"TC"
7037,"reverse_2","putam",1,-30.1767902374268,"TC"
7037,"reverse_2","putam",2,89.2966690063477,"TC"
7037,"learn_1","caud",1,-33.764289855957,"TC"
7037,"learn_1","caud",2,-60.8239097595215,"TC"
7037,"learn_2","caud",1,-1.83589649200439,"TC"
7037,"learn_2","caud",2,-16.5033340454102,"TC"
7037,"reverse_1","caud",1,-56.8586349487305,"TC"
7037,"reverse_1","caud",2,-61.8980941772461,"TC"
7037,"reverse_2","caud",1,-87.060188293457,"TC"
7037,"reverse_2","caud",2,88.9382476806641,"TC"
7037,"learn_1","hipp",1,-35.3663940429688,"TC"
7037,"learn_1","hipp",2,-81.0601959228516,"TC"
7037,"learn_2","hipp",1,-95.340934753418,"TC"
7037,"learn_2","hipp",2,-169.769943237305,"TC"
7037,"reverse_1","hipp",1,-71.8241577148438,"TC"
7037,"reverse_1","hipp",2,-119.788307189941,"TC"
7037,"reverse_2","hipp",1,-30.1548233032227,"TC"
7037,"reverse_2","hipp",2,50.4283218383789,"TC"
7037,"learn_1","NAcc",1,-81.2980804443359,"TC"
7037,"learn_1","NAcc",2,-108.540481567383,"TC"
7037,"learn_2","NAcc",1,-12.3950691223145,"TC"
7037,"learn_2","NAcc",2,-109.696655273438,"TC"
7037,"reverse_1","NAcc",1,-93.5497970581055,"TC"
7037,"reverse_1","NAcc",2,-192.06770324707,"TC"
7037,"reverse_2","NAcc",1,-116.709915161133,"TC"
7037,"reverse_2","NAcc",2,-9.75100612640381,"TC"
7037,"learn_1","amyg",1,-33.0760765075684,"TC"
7037,"learn_1","amyg",2,-52.3768539428711,"TC"
7037,"learn_2","amyg",1,-103.36646270752,"TC"
7037,"learn_2","amyg",2,-275.024780273438,"TC"
7037,"reverse_1","amyg",1,-13.9577970504761,"TC"
7037,"reverse_1","amyg",2,8.49943447113037,"TC"
7037,"reverse_2","amyg",1,48.4714202880859,"TC"
7037,"reverse_2","amyg",2,198.560470581055,"TC"
7040,"learn_1","putam",1,-17.4388198852539,"TC"
7040,"learn_1","putam",2,-83.1423645019531,"TC"
7040,"learn_2","putam",1,-26.573205947876,"TC"
7040,"learn_2","putam",2,-24.7894592285156,"TC"
7040,"reverse_1","putam",1,-19.1509437561035,"TC"
7040,"reverse_1","putam",2,-68.2488708496094,"TC"
7040,"reverse_2","putam",1,-12.432243347168,"TC"
7040,"reverse_2","putam",2,-72.7430419921875,"TC"
7040,"learn_1","caud",1,-28.6190338134766,"TC"
7040,"learn_1","caud",2,-62.8820190429688,"TC"
7040,"learn_2","caud",1,-44.2325134277344,"TC"
7040,"learn_2","caud",2,-17.8833751678467,"TC"
7040,"reverse_1","caud",1,-58.5186882019043,"TC"
7040,"reverse_1","caud",2,-77.0272216796875,"TC"
7040,"reverse_2","caud",1,1.18829894065857,"TC"
7040,"reverse_2","caud",2,-8.28985023498535,"TC"
7040,"learn_1","hipp",1,-22.6940498352051,"TC"
7040,"learn_1","hipp",2,-76.1669616699219,"TC"
7040,"learn_2","hipp",1,-41.4197044372559,"TC"
7040,"learn_2","hipp",2,-51.3314094543457,"TC"
7040,"reverse_1","hipp",1,-26.7425289154053,"TC"
7040,"reverse_1","hipp",2,-56.2028198242188,"TC"
7040,"reverse_2","hipp",1,-54.8348159790039,"TC"
7040,"reverse_2","hipp",2,-106.204292297363,"TC"
7040,"learn_1","NAcc",1,-6.15439701080322,"TC"
7040,"learn_1","NAcc",2,-150.394744873047,"TC"
7040,"learn_2","NAcc",1,-12.2034730911255,"TC"
7040,"learn_2","NAcc",2,-43.4676475524902,"TC"
7040,"reverse_1","NAcc",1,-148.700149536133,"TC"
7040,"reverse_1","NAcc",2,-246.427703857422,"TC"
7040,"reverse_2","NAcc",1,-97.8192520141602,"TC"
7040,"reverse_2","NAcc",2,-142.214859008789,"TC"
7040,"learn_1","amyg",1,-18.8676242828369,"TC"
7040,"learn_1","amyg",2,-26.7733383178711,"TC"
7040,"learn_2","amyg",1,-13.1389017105103,"TC"
7040,"learn_2","amyg",2,9.06380176544189,"TC"
7040,"reverse_1","amyg",1,-7.64465522766113,"TC"
7040,"reverse_1","amyg",2,-27.6115837097168,"TC"
7040,"reverse_2","amyg",1,-10.3038854598999,"TC"
7040,"reverse_2","amyg",2,-70.4027252197266,"TC"
7041,"learn_1","putam",1,-11.5070190429688,"TC"
7041,"learn_1","putam",2,-40.41845703125,"TC"
7041,"learn_2","putam",1,42.0725059509277,"TC"
7041,"learn_2","putam",2,56.51806640625,"TC"
7041,"reverse_1","putam",1,87.8272933959961,"TC"
7041,"reverse_1","putam",2,-28.8949127197266,"TC"
7041,"reverse_2","putam",1,19.9504280090332,"TC"
7041,"reverse_2","putam",2,-32.5068855285645,"TC"
7041,"learn_1","caud",1,-22.0236415863037,"TC"
7041,"learn_1","caud",2,-50.7234039306641,"TC"
7041,"learn_2","caud",1,-5.49977970123291,"TC"
7041,"learn_2","caud",2,-12.6227531433105,"TC"
7041,"reverse_1","caud",1,39.8907241821289,"TC"
7041,"reverse_1","caud",2,-72.6406631469727,"TC"
7041,"reverse_2","caud",1,7.03994655609131,"TC"
7041,"reverse_2","caud",2,-129.52685546875,"TC"
7041,"learn_1","hipp",1,-57.0851020812988,"TC"
7041,"learn_1","hipp",2,-45.452564239502,"TC"
7041,"learn_2","hipp",1,9.58445930480957,"TC"
7041,"learn_2","hipp",2,-32.1615982055664,"TC"
7041,"reverse_1","hipp",1,-15.6119689941406,"TC"
7041,"reverse_1","hipp",2,-86.3933410644531,"TC"
7041,"reverse_2","hipp",1,-15.8086824417114,"TC"
7041,"reverse_2","hipp",2,-8.79024410247803,"TC"
7041,"learn_1","NAcc",1,25.5577812194824,"TC"
7041,"learn_1","NAcc",2,-114.787078857422,"TC"
7041,"learn_2","NAcc",1,-43.2310829162598,"TC"
7041,"learn_2","NAcc",2,-95.2789001464844,"TC"
7041,"reverse_1","NAcc",1,-62.0835075378418,"TC"
7041,"reverse_1","NAcc",2,-193.507217407227,"TC"
7041,"reverse_2","NAcc",1,27.280460357666,"TC"
7041,"reverse_2","NAcc",2,6.89117383956909,"TC"
7041,"learn_1","amyg",1,1.05514621734619,"TC"
7041,"learn_1","amyg",2,-26.6054039001465,"TC"
7041,"learn_2","amyg",1,35.1030426025391,"TC"
7041,"learn_2","amyg",2,57.879638671875,"TC"
7041,"reverse_1","amyg",1,17.1037693023682,"TC"
7041,"reverse_1","amyg",2,-96.5678939819336,"TC"
7041,"reverse_2","amyg",1,35.4998664855957,"TC"
7041,"reverse_2","amyg",2,-3.68479681015015,"TC"
7042,"learn_1","putam",1,23.9923934936523,"TC"
7042,"learn_1","putam",2,0.228933930397034,"TC"
7042,"learn_2","putam",1,2.18096709251404,"TC"
7042,"reverse_1","putam",1,0.172749236226082,"TC"
7042,"reverse_1","putam",2,-14.2935705184937,"TC"
7042,"reverse_2","putam",1,-5.61568021774292,"TC"
7042,"reverse_2","putam",2,41.5558090209961,"TC"
7042,"learn_1","caud",1,27.2007446289062,"TC"
7042,"learn_1","caud",2,1.61456143856049,"TC"
7042,"learn_2","caud",1,-9.84153747558594,"TC"
7042,"reverse_1","caud",1,19.79421043396,"TC"
7042,"reverse_1","caud",2,45.7261276245117,"TC"
7042,"reverse_2","caud",1,-18.7075748443604,"TC"
7042,"reverse_2","caud",2,61.4377098083496,"TC"
7042,"learn_1","hipp",1,-3.8832540512085,"TC"
7042,"learn_1","hipp",2,-20.1928272247314,"TC"
7042,"learn_2","hipp",1,-7.96284294128418,"TC"
7042,"reverse_1","hipp",1,16.5992851257324,"TC"
7042,"reverse_1","hipp",2,-29.1826705932617,"TC"
7042,"reverse_2","hipp",1,-110.56957244873,"TC"
7042,"reverse_2","hipp",2,43.7247848510742,"TC"
7042,"learn_1","NAcc",1,36.9819679260254,"TC"
7042,"learn_1","NAcc",2,13.6560878753662,"TC"
7042,"learn_2","NAcc",1,-36.4241943359375,"TC"
7042,"reverse_1","NAcc",1,32.9820594787598,"TC"
7042,"reverse_1","NAcc",2,34.1118812561035,"TC"
7042,"reverse_2","NAcc",1,-60.1690673828125,"TC"
7042,"reverse_2","NAcc",2,-15.6298084259033,"TC"
7042,"learn_1","amyg",1,7.65725421905518,"TC"
7042,"learn_1","amyg",2,-34.6613922119141,"TC"
7042,"learn_2","amyg",1,15.7998657226562,"TC"
7042,"reverse_1","amyg",1,27.6986713409424,"TC"
7042,"reverse_1","amyg",2,-12.6378841400146,"TC"
7042,"reverse_2","amyg",1,30.2093410491943,"TC"
7042,"reverse_2","amyg",2,12.5261116027832,"TC"
7043,"learn_1","putam",1,-48.4137687683105,"TC"
7043,"learn_1","putam",2,-145.826110839844,"TC"
7043,"learn_2","putam",1,28.9664821624756,"TC"
7043,"reverse_1","putam",1,-83.8248062133789,"TC"
7043,"reverse_1","putam",2,-99.5190200805664,"TC"
7043,"reverse_2","putam",1,-38.7831802368164,"TC"
7043,"reverse_2","putam",2,-136.77604675293,"TC"
7043,"learn_1","caud",1,-5.80671834945679,"TC"
7043,"learn_1","caud",2,-115.154373168945,"TC"
7043,"learn_2","caud",1,8.38612747192383,"TC"
7043,"reverse_1","caud",1,-46.4248237609863,"TC"
7043,"reverse_1","caud",2,-12.8756713867188,"TC"
7043,"reverse_2","caud",1,-14.3511371612549,"TC"
7043,"reverse_2","caud",2,-7.4111795425415,"TC"
7043,"learn_1","hipp",1,-8.16594219207764,"TC"
7043,"learn_1","hipp",2,-84.8222579956055,"TC"
7043,"learn_2","hipp",1,14.6495809555054,"TC"
7043,"reverse_1","hipp",1,16.7426738739014,"TC"
7043,"reverse_1","hipp",2,-45.7610397338867,"TC"
7043,"reverse_2","hipp",1,8.67788028717041,"TC"
7043,"reverse_2","hipp",2,-36.3927192687988,"TC"
7043,"learn_1","NAcc",1,-28.8013782501221,"TC"
7043,"learn_1","NAcc",2,-193.242279052734,"TC"
7043,"learn_2","NAcc",1,-11.6051063537598,"TC"
7043,"reverse_1","NAcc",1,-60.0249061584473,"TC"
7043,"reverse_1","NAcc",2,-88.5667266845703,"TC"
7043,"reverse_2","NAcc",1,-16.4222545623779,"TC"
7043,"reverse_2","NAcc",2,-156.252365112305,"TC"
7043,"learn_1","amyg",1,7.35940933227539,"TC"
7043,"learn_1","amyg",2,-160.820419311523,"TC"
7043,"learn_2","amyg",1,9.92590999603271,"TC"
7043,"reverse_1","amyg",1,-37.7771644592285,"TC"
7043,"reverse_1","amyg",2,-89.0639801025391,"TC"
7043,"reverse_2","amyg",1,-37.4077529907227,"TC"
7043,"reverse_2","amyg",2,-320.529052734375,"TC"
7045,"learn_1","putam",1,47.4060401916504,"TC"
7045,"learn_1","putam",2,16.0881614685059,"TC"
7045,"learn_2","putam",1,-15.0557155609131,"TC"
7045,"learn_2","putam",2,-33.5211563110352,"TC"
7045,"reverse_1","putam",1,-9.94428157806396,"TC"
7045,"reverse_1","putam",2,-0.220347717404366,"TC"
7045,"reverse_2","putam",1,8.00219917297363,"TC"
7045,"reverse_2","putam",2,-62.0511322021484,"TC"
7045,"learn_1","caud",1,48.5520668029785,"TC"
7045,"learn_1","caud",2,63.5463638305664,"TC"
7045,"learn_2","caud",1,-38.083309173584,"TC"
7045,"learn_2","caud",2,3.62909531593323,"TC"
7045,"reverse_1","caud",1,-45.924072265625,"TC"
7045,"reverse_1","caud",2,-33.6013145446777,"TC"
7045,"reverse_2","caud",1,1.64778137207031,"TC"
7045,"reverse_2","caud",2,-47.8479537963867,"TC"
7045,"learn_1","hipp",1,8.66939926147461,"TC"
7045,"learn_1","hipp",2,22.6466178894043,"TC"
7045,"learn_2","hipp",1,-12.2627429962158,"TC"
7045,"learn_2","hipp",2,13.3649463653564,"TC"
7045,"reverse_1","hipp",1,-14.5338010787964,"TC"
7045,"reverse_1","hipp",2,5.39316511154175,"TC"
7045,"reverse_2","hipp",1,-38.6697807312012,"TC"
7045,"reverse_2","hipp",2,-82.8971633911133,"TC"
7045,"learn_1","NAcc",1,38.7287483215332,"TC"
7045,"learn_1","NAcc",2,-2.76905202865601,"TC"
7045,"learn_2","NAcc",1,-27.9441719055176,"TC"
7045,"learn_2","NAcc",2,-3.77493977546692,"TC"
7045,"reverse_1","NAcc",1,9.47062397003174,"TC"
7045,"reverse_1","NAcc",2,6.81481313705444,"TC"
7045,"reverse_2","NAcc",1,-13.7012739181519,"TC"
7045,"reverse_2","NAcc",2,-72.1823272705078,"TC"
7045,"learn_1","amyg",1,46.2285003662109,"TC"
7045,"learn_1","amyg",2,-3.68889999389648,"TC"
7045,"learn_2","amyg",1,9.35801315307617,"TC"
7045,"learn_2","amyg",2,-14.3335084915161,"TC"
7045,"reverse_1","amyg",1,-31.5138511657715,"TC"
7045,"reverse_1","amyg",2,11.0830926895142,"TC"
7045,"reverse_2","amyg",1,-24.9561500549316,"TC"
7045,"reverse_2","amyg",2,-54.7042465209961,"TC"
7046,"learn_1","putam",1,45.8639678955078,"TC"
7046,"learn_1","putam",2,-20.0809516906738,"TC"
7046,"learn_2","putam",1,36.9257354736328,"TC"
7046,"learn_2","putam",2,-105.851509094238,"TC"
7046,"reverse_1","putam",1,60.0819244384766,"TC"
7046,"reverse_1","putam",2,16.2162971496582,"TC"
7046,"learn_1","caud",1,49.7020301818848,"TC"
7046,"learn_1","caud",2,-2.40163207054138,"TC"
7046,"learn_2","caud",1,86.2667083740234,"TC"
7046,"learn_2","caud",2,-42.3038330078125,"TC"
7046,"reverse_1","caud",1,42.6571960449219,"TC"
7046,"reverse_1","caud",2,10.56125831604,"TC"
7046,"learn_1","hipp",1,17.3611545562744,"TC"
7046,"learn_1","hipp",2,-14.6803617477417,"TC"
7046,"learn_2","hipp",1,57.9137229919434,"TC"
7046,"learn_2","hipp",2,-45.4965972900391,"TC"
7046,"reverse_1","hipp",1,3.30365014076233,"TC"
7046,"reverse_1","hipp",2,43.017822265625,"TC"
7046,"learn_1","NAcc",1,23.5472869873047,"TC"
7046,"learn_1","NAcc",2,-34.2453346252441,"TC"
7046,"learn_2","NAcc",1,13.0065240859985,"TC"
7046,"learn_2","NAcc",2,-116.611633300781,"TC"
7046,"reverse_1","NAcc",1,49.0701332092285,"TC"
7046,"reverse_1","NAcc",2,-77.2992401123047,"TC"
7046,"learn_1","amyg",1,38.5673294067383,"TC"
7046,"learn_1","amyg",2,-27.2705993652344,"TC"
7046,"learn_2","amyg",1,49.6509780883789,"TC"
7046,"learn_2","amyg",2,-102.560012817383,"TC"
7046,"reverse_1","amyg",1,1.32072997093201,"TC"
7046,"reverse_1","amyg",2,46.5975723266602,"TC"
7049,"learn_1","putam",1,-9.89273357391357,"TC"
7049,"learn_1","putam",2,-1.15992748737335,"TC"
7049,"learn_2","putam",1,-6.98102712631226,"TC"
7049,"learn_2","putam",2,-18.9813995361328,"TC"
7049,"reverse_1","putam",1,-48.4793510437012,"TC"
7049,"reverse_1","putam",2,-42.6569786071777,"TC"
7049,"reverse_2","putam",1,-34.713737487793,"TC"
7049,"reverse_2","putam",2,-12.6034345626831,"TC"
7049,"learn_1","caud",1,11.1202421188354,"TC"
7049,"learn_1","caud",2,57.48828125,"TC"
7049,"learn_2","caud",1,28.0783500671387,"TC"
7049,"learn_2","caud",2,18.1876831054688,"TC"
7049,"reverse_1","caud",1,-23.741943359375,"TC"
7049,"reverse_1","caud",2,-8.76257991790771,"TC"
7049,"reverse_2","caud",1,-20.7056293487549,"TC"
7049,"reverse_2","caud",2,-13.4406576156616,"TC"
7049,"learn_1","hipp",1,-30.2902565002441,"TC"
7049,"learn_1","hipp",2,-27.3218765258789,"TC"
7049,"learn_2","hipp",1,-9.09841537475586,"TC"
7049,"learn_2","hipp",2,-15.4506855010986,"TC"
7049,"reverse_1","hipp",1,-31.8607578277588,"TC"
7049,"reverse_1","hipp",2,-39.5911445617676,"TC"
7049,"reverse_2","hipp",1,-42.939281463623,"TC"
7049,"reverse_2","hipp",2,-21.4116401672363,"TC"
7049,"learn_1","NAcc",1,-28.4022941589355,"TC"
7049,"learn_1","NAcc",2,-29.5492000579834,"TC"
7049,"learn_2","NAcc",1,-24.1910953521729,"TC"
7049,"learn_2","NAcc",2,-25.046667098999,"TC"
7049,"reverse_1","NAcc",1,-15.702977180481,"TC"
7049,"reverse_1","NAcc",2,-30.1832580566406,"TC"
7049,"reverse_2","NAcc",1,-11.9937381744385,"TC"
7049,"reverse_2","NAcc",2,-20.1590385437012,"TC"
7049,"learn_1","amyg",1,-24.0817737579346,"TC"
7049,"learn_1","amyg",2,-36.0927467346191,"TC"
7049,"learn_2","amyg",1,-21.3311824798584,"TC"
7049,"learn_2","amyg",2,-54.4632606506348,"TC"
7049,"reverse_1","amyg",1,-78.7218246459961,"TC"
7049,"reverse_1","amyg",2,-75.5925750732422,"TC"
7049,"reverse_2","amyg",1,-53.5148429870605,"TC"
7049,"reverse_2","amyg",2,-29.2299346923828,"TC"
7050,"learn_1","putam",1,18.4567832946777,"TC"
7050,"learn_1","putam",2,-0.0192350000143051,"TC"
7050,"learn_2","putam",1,-51.9543914794922,"TC"
7050,"learn_2","putam",2,-41.3057441711426,"TC"
7050,"reverse_1","putam",1,14.4983797073364,"TC"
7050,"reverse_1","putam",2,-9.12519454956055,"TC"
7050,"reverse_2","putam",1,8.80452060699463,"TC"
7050,"reverse_2","putam",2,-9.87395477294922,"TC"
7050,"learn_1","caud",1,26.4028797149658,"TC"
7050,"learn_1","caud",2,-6.38211917877197,"TC"
7050,"learn_2","caud",1,-84.6938705444336,"TC"
7050,"learn_2","caud",2,-96.6404037475586,"TC"
7050,"reverse_1","caud",1,-3.79700469970703,"TC"
7050,"reverse_1","caud",2,-46.6723442077637,"TC"
7050,"reverse_2","caud",1,24.3960781097412,"TC"
7050,"reverse_2","caud",2,20.6870574951172,"TC"
7050,"learn_1","hipp",1,11.4597663879395,"TC"
7050,"learn_1","hipp",2,-30.3777980804443,"TC"
7050,"learn_2","hipp",1,-30.2177696228027,"TC"
7050,"learn_2","hipp",2,-36.1848907470703,"TC"
7050,"reverse_1","hipp",1,-8.35952663421631,"TC"
7050,"reverse_1","hipp",2,-98.0692749023438,"TC"
7050,"reverse_2","hipp",1,22.2831497192383,"TC"
7050,"reverse_2","hipp",2,-9.96457672119141,"TC"
7050,"learn_1","NAcc",1,30.914587020874,"TC"
7050,"learn_1","NAcc",2,-62.74755859375,"TC"
7050,"learn_2","NAcc",1,-54.119026184082,"TC"
7050,"learn_2","NAcc",2,-125.378311157227,"TC"
7050,"reverse_1","NAcc",1,-49.7174797058105,"TC"
7050,"reverse_1","NAcc",2,-130.161849975586,"TC"
7050,"reverse_2","NAcc",1,-7.03380107879639,"TC"
7050,"reverse_2","NAcc",2,-105.101615905762,"TC"
7050,"learn_1","amyg",1,36.4758071899414,"TC"
7050,"learn_1","amyg",2,-15.544942855835,"TC"
7050,"learn_2","amyg",1,-46.8442115783691,"TC"
7050,"learn_2","amyg",2,-83.9965286254883,"TC"
7050,"reverse_1","amyg",1,-24.5636749267578,"TC"
7050,"reverse_1","amyg",2,-92.9038543701172,"TC"
7050,"reverse_2","amyg",1,-1.53850996494293,"TC"
7050,"reverse_2","amyg",2,-22.8437938690186,"TC"
7051,"learn_1","putam",1,10.5323657989502,"TC"
7051,"learn_1","putam",2,7.74520492553711,"TC"
7051,"learn_2","putam",1,-22.9226417541504,"TC"
7051,"learn_2","putam",2,-86.2932739257812,"TC"
7051,"reverse_1","putam",1,1.63527524471283,"TC"
7051,"reverse_1","putam",2,-27.3295116424561,"TC"
7051,"reverse_2","putam",1,-10.2448654174805,"TC"
7051,"reverse_2","putam",2,-97.5707778930664,"TC"
7051,"learn_1","caud",1,4.71597623825073,"TC"
7051,"learn_1","caud",2,-1.68360638618469,"TC"
7051,"learn_2","caud",1,-27.3396492004395,"TC"
7051,"learn_2","caud",2,-42.4632911682129,"TC"
7051,"reverse_1","caud",1,-14.3017768859863,"TC"
7051,"reverse_1","caud",2,-10.8589153289795,"TC"
7051,"reverse_2","caud",1,-19.5655479431152,"TC"
7051,"reverse_2","caud",2,-89.4516983032227,"TC"
7051,"learn_1","hipp",1,21.3681735992432,"TC"
7051,"learn_1","hipp",2,-0.962810397148132,"TC"
7051,"learn_2","hipp",1,10.4783315658569,"TC"
7051,"learn_2","hipp",2,24.5105075836182,"TC"
7051,"reverse_1","hipp",1,-9.74769592285156,"TC"
7051,"reverse_1","hipp",2,-23.0997562408447,"TC"
7051,"reverse_2","hipp",1,27.4319133758545,"TC"
7051,"reverse_2","hipp",2,-32.545295715332,"TC"
7051,"learn_1","NAcc",1,-0.485826402902603,"TC"
7051,"learn_1","NAcc",2,-40.1126556396484,"TC"
7051,"learn_2","NAcc",1,-71.6706771850586,"TC"
7051,"learn_2","NAcc",2,51.5316352844238,"TC"
7051,"reverse_1","NAcc",1,-11.9777555465698,"TC"
7051,"reverse_1","NAcc",2,-43.8458671569824,"TC"
7051,"reverse_2","NAcc",1,-15.7237720489502,"TC"
7051,"reverse_2","NAcc",2,-39.3222579956055,"TC"
7051,"learn_1","amyg",1,12.9142084121704,"TC"
7051,"learn_1","amyg",2,-25.8842334747314,"TC"
7051,"learn_2","amyg",1,10.5488243103027,"TC"
7051,"learn_2","amyg",2,-14.2605113983154,"TC"
7051,"reverse_1","amyg",1,8.83591079711914,"TC"
7051,"reverse_1","amyg",2,0.750035464763641,"TC"
7051,"reverse_2","amyg",1,48.868824005127,"TC"
7051,"reverse_2","amyg",2,-16.0318622589111,"TC"
7052,"learn_1","putam",1,-9.96249103546143,"TC"
7052,"learn_1","putam",2,13.7524518966675,"TC"
7052,"learn_2","putam",1,17.1072025299072,"TC"
7052,"learn_2","putam",2,-36.0459480285645,"TC"
7052,"reverse_1","putam",1,-32.472526550293,"TC"
7052,"reverse_1","putam",2,62.185661315918,"TC"
7052,"learn_1","caud",1,-56.9095497131348,"TC"
7052,"learn_1","caud",2,-64.3729248046875,"TC"
7052,"learn_2","caud",1,107.414741516113,"TC"
7052,"learn_2","caud",2,31.9421443939209,"TC"
7052,"reverse_1","caud",1,-89.1668930053711,"TC"
7052,"reverse_1","caud",2,96.6870269775391,"TC"
7052,"learn_1","hipp",1,-15.6122531890869,"TC"
7052,"learn_1","hipp",2,30.0695781707764,"TC"
7052,"learn_2","hipp",1,-2.37486290931702,"TC"
7052,"learn_2","hipp",2,-77.2470245361328,"TC"
7052,"reverse_1","hipp",1,-80.316032409668,"TC"
7052,"reverse_1","hipp",2,-38.2532768249512,"TC"
7052,"learn_1","NAcc",1,-74.5979461669922,"TC"
7052,"learn_1","NAcc",2,-9.55473518371582,"TC"
7052,"learn_2","NAcc",1,207.414916992188,"TC"
7052,"learn_2","NAcc",2,96.1215744018555,"TC"
7052,"reverse_1","NAcc",1,61.1776885986328,"TC"
7052,"reverse_1","NAcc",2,166.682647705078,"TC"
7052,"learn_1","amyg",1,-9.57788944244385,"TC"
7052,"learn_1","amyg",2,2.41781139373779,"TC"
7052,"learn_2","amyg",1,-8.01301860809326,"TC"
7052,"learn_2","amyg",2,-57.2495155334473,"TC"
7052,"reverse_1","amyg",1,-35.8140182495117,"TC"
7052,"reverse_1","amyg",2,138.780548095703,"TC"
7053,"learn_1","putam",1,-12.4991025924683,"TC"
7053,"learn_1","putam",2,-38.3026962280273,"TC"
7053,"learn_2","putam",1,32.6420516967773,"TC"
7053,"reverse_1","putam",1,7.52833080291748,"TC"
7053,"reverse_1","putam",2,-81.0895004272461,"TC"
7053,"reverse_2","putam",1,-4.58896970748901,"TC"
7053,"reverse_2","putam",2,57.9781761169434,"TC"
7053,"learn_1","caud",1,-3.51667737960815,"TC"
7053,"learn_1","caud",2,-20.9054775238037,"TC"
7053,"learn_2","caud",1,29.01975440979,"TC"
7053,"reverse_1","caud",1,-18.8195304870605,"TC"
7053,"reverse_1","caud",2,-37.802417755127,"TC"
7053,"reverse_2","caud",1,-14.6226463317871,"TC"
7053,"reverse_2","caud",2,273.386474609375,"TC"
7053,"learn_1","hipp",1,-13.497652053833,"TC"
7053,"learn_1","hipp",2,-16.7779941558838,"TC"
7053,"learn_2","hipp",1,-17.8140068054199,"TC"
7053,"reverse_1","hipp",1,-3.62566637992859,"TC"
7053,"reverse_1","hipp",2,-14.9199619293213,"TC"
7053,"reverse_2","hipp",1,34.6948585510254,"TC"
7053,"reverse_2","hipp",2,94.6100006103516,"TC"
7053,"learn_1","NAcc",1,38.5655288696289,"TC"
7053,"learn_1","NAcc",2,-91.8003921508789,"TC"
7053,"learn_2","NAcc",1,11.6048154830933,"TC"
7053,"reverse_1","NAcc",1,24.2253398895264,"TC"
7053,"reverse_1","NAcc",2,-72.5133972167969,"TC"
7053,"reverse_2","NAcc",1,-23.3630714416504,"TC"
7053,"reverse_2","NAcc",2,51.556941986084,"TC"
7053,"learn_1","amyg",1,2.78921222686768,"TC"
7053,"learn_1","amyg",2,3.14352345466614,"TC"
7053,"learn_2","amyg",1,15.4598760604858,"TC"
7053,"reverse_1","amyg",1,-10.346565246582,"TC"
7053,"reverse_1","amyg",2,-89.6776885986328,"TC"
7053,"reverse_2","amyg",1,-12.0773048400879,"TC"
7053,"reverse_2","amyg",2,35.3845977783203,"TC"
8001,"learn_1","putam",1,-14.0293951034546,"PTSD"
8001,"learn_1","putam",2,-37.5297393798828,"PTSD"
8001,"learn_2","putam",1,-11.1391267776489,"PTSD"
8001,"learn_2","putam",2,-20.5649662017822,"PTSD"
8001,"reverse_1","putam",1,-7.51094961166382,"PTSD"
8001,"reverse_1","putam",2,8.7158784866333,"PTSD"
8001,"reverse_2","putam",1,-25.0628604888916,"PTSD"
8001,"reverse_2","putam",2,-6.18095636367798,"PTSD"
8001,"learn_1","caud",1,-11.0573415756226,"PTSD"
8001,"learn_1","caud",2,1.84254443645477,"PTSD"
8001,"learn_2","caud",1,-0.240215554833412,"PTSD"
8001,"learn_2","caud",2,10.5698347091675,"PTSD"
8001,"reverse_1","caud",1,-14.1159734725952,"PTSD"
8001,"reverse_1","caud",2,10.415415763855,"PTSD"
8001,"reverse_2","caud",1,-21.3170948028564,"PTSD"
8001,"reverse_2","caud",2,40.5294075012207,"PTSD"
8001,"learn_1","hipp",1,-3.32537341117859,"PTSD"
8001,"learn_1","hipp",2,-9.69632434844971,"PTSD"
8001,"learn_2","hipp",1,-8.00092506408691,"PTSD"
8001,"learn_2","hipp",2,-1.04461944103241,"PTSD"
8001,"reverse_1","hipp",1,-20.6781749725342,"PTSD"
8001,"reverse_1","hipp",2,-8.31703662872314,"PTSD"
8001,"reverse_2","hipp",1,-13.1524562835693,"PTSD"
8001,"reverse_2","hipp",2,-5.90358114242554,"PTSD"
8001,"learn_1","NAcc",1,-32.5172004699707,"PTSD"
8001,"learn_1","NAcc",2,-64.8999710083008,"PTSD"
8001,"learn_2","NAcc",1,7.70304918289185,"PTSD"
8001,"learn_2","NAcc",2,-14.1203804016113,"PTSD"
8001,"reverse_1","NAcc",1,-28.6556224822998,"PTSD"
8001,"reverse_1","NAcc",2,-79.96484375,"PTSD"
8001,"reverse_2","NAcc",1,-38.4150466918945,"PTSD"
8001,"reverse_2","NAcc",2,-41.4024314880371,"PTSD"
8001,"learn_1","amyg",1,18.6779747009277,"PTSD"
8001,"learn_1","amyg",2,-11.0860815048218,"PTSD"
8001,"learn_2","amyg",1,12.9007205963135,"PTSD"
8001,"learn_2","amyg",2,28.962869644165,"PTSD"
8001,"reverse_1","amyg",1,-11.0804262161255,"PTSD"
8001,"reverse_1","amyg",2,-2.8132176399231,"PTSD"
8001,"reverse_2","amyg",1,1.9952244758606,"PTSD"
8001,"reverse_2","amyg",2,-31.9721660614014,"PTSD"
8002,"learn_1","putam",1,-26.8333854675293,"PTSD"
8002,"learn_1","putam",2,-1.09834051132202,"PTSD"
8002,"learn_2","putam",1,-25.5992412567139,"PTSD"
8002,"learn_2","putam",2,-49.0816993713379,"PTSD"
8002,"reverse_1","putam",1,-34.4999618530273,"PTSD"
8002,"reverse_1","putam",2,-72.8988342285156,"PTSD"
8002,"reverse_2","putam",1,-7.86402893066406,"PTSD"
8002,"reverse_2","putam",2,-39.8052139282227,"PTSD"
8002,"learn_1","caud",1,9.64681816101074,"PTSD"
8002,"learn_1","caud",2,-20.3544807434082,"PTSD"
8002,"learn_2","caud",1,-41.6847801208496,"PTSD"
8002,"learn_2","caud",2,-39.7092590332031,"PTSD"
8002,"reverse_1","caud",1,-37.4966201782227,"PTSD"
8002,"reverse_1","caud",2,-66.0845031738281,"PTSD"
8002,"reverse_2","caud",1,-33.5459251403809,"PTSD"
8002,"reverse_2","caud",2,-59.6886558532715,"PTSD"
8002,"learn_1","hipp",1,2.2881121635437,"PTSD"
8002,"learn_1","hipp",2,-3.53043389320374,"PTSD"
8002,"learn_2","hipp",1,-24.659725189209,"PTSD"
8002,"learn_2","hipp",2,-27.4520988464355,"PTSD"
8002,"reverse_1","hipp",1,-53.0020370483398,"PTSD"
8002,"reverse_1","hipp",2,-80.6110458374023,"PTSD"
8002,"reverse_2","hipp",1,-46.8863639831543,"PTSD"
8002,"reverse_2","hipp",2,-58.2460708618164,"PTSD"
8002,"learn_1","NAcc",1,13.5052814483643,"PTSD"
8002,"learn_1","NAcc",2,-30.6088905334473,"PTSD"
8002,"learn_2","NAcc",1,-64.3025665283203,"PTSD"
8002,"learn_2","NAcc",2,-12.0014305114746,"PTSD"
8002,"reverse_1","NAcc",1,-67.821891784668,"PTSD"
8002,"reverse_1","NAcc",2,-151.402801513672,"PTSD"
8002,"reverse_2","NAcc",1,-36.4468688964844,"PTSD"
8002,"reverse_2","NAcc",2,-64.7714385986328,"PTSD"
8002,"learn_1","amyg",1,-1.4806056022644,"PTSD"
8002,"learn_1","amyg",2,13.2002277374268,"PTSD"
8002,"learn_2","amyg",1,-15.4932661056519,"PTSD"
8002,"learn_2","amyg",2,-41.1476402282715,"PTSD"
8002,"reverse_1","amyg",1,-61.9118919372559,"PTSD"
8002,"reverse_1","amyg",2,-92.7790908813477,"PTSD"
8002,"reverse_2","amyg",1,-11.8057117462158,"PTSD"
8002,"reverse_2","amyg",2,0.250643402338028,"PTSD"
8003,"learn_1","putam",1,38.0902481079102,"PTSD"
8003,"learn_1","putam",2,25.6964931488037,"PTSD"
8003,"learn_2","putam",1,36.058464050293,"PTSD"
8003,"learn_2","putam",2,16.7058448791504,"PTSD"
8003,"reverse_1","putam",1,12.7634086608887,"PTSD"
8003,"reverse_1","putam",2,12.6707925796509,"PTSD"
8003,"reverse_2","putam",1,-7.33531618118286,"PTSD"
8003,"reverse_2","putam",2,19.1890830993652,"PTSD"
8003,"learn_1","caud",1,5.41057777404785,"PTSD"
8003,"learn_1","caud",2,40.6715965270996,"PTSD"
8003,"learn_2","caud",1,27.2714080810547,"PTSD"
8003,"learn_2","caud",2,-15.7709856033325,"PTSD"
8003,"reverse_1","caud",1,-16.6138515472412,"PTSD"
8003,"reverse_1","caud",2,-18.6596622467041,"PTSD"
8003,"reverse_2","caud",1,-25.4793071746826,"PTSD"
8003,"reverse_2","caud",2,-16.0975456237793,"PTSD"
8003,"learn_1","hipp",1,-16.5736713409424,"PTSD"
8003,"learn_1","hipp",2,-16.4210586547852,"PTSD"
8003,"learn_2","hipp",1,53.5263824462891,"PTSD"
8003,"learn_2","hipp",2,55.0323448181152,"PTSD"
8003,"reverse_1","hipp",1,-16.0741519927979,"PTSD"
8003,"reverse_1","hipp",2,39.6895027160645,"PTSD"
8003,"reverse_2","hipp",1,-28.7845821380615,"PTSD"
8003,"reverse_2","hipp",2,1.94972932338715,"PTSD"
8003,"learn_1","NAcc",1,17.2586307525635,"PTSD"
8003,"learn_1","NAcc",2,-38.9504203796387,"PTSD"
8003,"learn_2","NAcc",1,38.1876411437988,"PTSD"
8003,"learn_2","NAcc",2,28.0553798675537,"PTSD"
8003,"reverse_1","NAcc",1,3.35566449165344,"PTSD"
8003,"reverse_1","NAcc",2,-46.2881736755371,"PTSD"
8003,"reverse_2","NAcc",1,61.7251014709473,"PTSD"
8003,"reverse_2","NAcc",2,33.9152870178223,"PTSD"
8003,"learn_1","amyg",1,-22.5016708374023,"PTSD"
8003,"learn_1","amyg",2,-17.1008853912354,"PTSD"
8003,"learn_2","amyg",1,51.2869071960449,"PTSD"
8003,"learn_2","amyg",2,-0.135501965880394,"PTSD"
8003,"reverse_1","amyg",1,-51.3874015808105,"PTSD"
8003,"reverse_1","amyg",2,-3.8771390914917,"PTSD"
8003,"reverse_2","amyg",1,23.5248508453369,"PTSD"
8003,"reverse_2","amyg",2,29.3208503723145,"PTSD"
8005,"learn_1","putam",1,-35.0935325622559,"PTSD"
8005,"learn_1","putam",2,13.480411529541,"PTSD"
8005,"learn_2","putam",1,26.5202045440674,"PTSD"
8005,"reverse_1","putam",1,11.1119060516357,"PTSD"
8005,"reverse_1","putam",2,-22.4376106262207,"PTSD"
8005,"reverse_2","putam",1,46.9649314880371,"PTSD"
8005,"reverse_2","putam",2,25.9154682159424,"PTSD"
8005,"learn_1","caud",1,-12.0015783309937,"PTSD"
8005,"learn_1","caud",2,25.7433643341064,"PTSD"
8005,"learn_2","caud",1,15.3433322906494,"PTSD"
8005,"reverse_1","caud",1,-18.7589721679688,"PTSD"
8005,"reverse_1","caud",2,0.393861919641495,"PTSD"
8005,"reverse_2","caud",1,32.2350387573242,"PTSD"
8005,"reverse_2","caud",2,-196.958343505859,"PTSD"
8005,"learn_1","hipp",1,-25.6088981628418,"PTSD"
8005,"learn_1","hipp",2,14.7450561523438,"PTSD"
8005,"learn_2","hipp",1,-6.0127158164978,"PTSD"
8005,"reverse_1","hipp",1,5.90638780593872,"PTSD"
8005,"reverse_1","hipp",2,-20.2771091461182,"PTSD"
8005,"reverse_2","hipp",1,101.764938354492,"PTSD"
8005,"reverse_2","hipp",2,-65.9917221069336,"PTSD"
8005,"learn_1","NAcc",1,0.815106093883514,"PTSD"
8005,"learn_1","NAcc",2,38.7853202819824,"PTSD"
8005,"learn_2","NAcc",1,22.4237537384033,"PTSD"
8005,"reverse_1","NAcc",1,99.1172103881836,"PTSD"
8005,"reverse_1","NAcc",2,15.6349592208862,"PTSD"
8005,"reverse_2","NAcc",1,34.8671112060547,"PTSD"
8005,"reverse_2","NAcc",2,-234.17951965332,"PTSD"
8005,"learn_1","amyg",1,-30.6351280212402,"PTSD"
8005,"learn_1","amyg",2,4.55074024200439,"PTSD"
8005,"learn_2","amyg",1,-16.5030498504639,"PTSD"
8005,"reverse_1","amyg",1,-33.3501434326172,"PTSD"
8005,"reverse_1","amyg",2,-16.0480804443359,"PTSD"
8005,"reverse_2","amyg",1,58.7671852111816,"PTSD"
8005,"reverse_2","amyg",2,85.3081207275391,"PTSD"
8006,"learn_1","putam",1,-3.89614963531494,"PTSD"
8006,"learn_1","putam",2,-76.8703460693359,"PTSD"
8006,"learn_2","putam",1,-42.3017768859863,"PTSD"
8006,"learn_2","putam",2,4.11872673034668,"PTSD"
8006,"reverse_1","putam",1,-49.9872169494629,"PTSD"
8006,"reverse_1","putam",2,-129.404937744141,"PTSD"
8006,"reverse_2","putam",1,-106.334022521973,"PTSD"
8006,"reverse_2","putam",2,-44.0695381164551,"PTSD"
8006,"learn_1","caud",1,-6.98112344741821,"PTSD"
8006,"learn_1","caud",2,-49.1112403869629,"PTSD"
8006,"learn_2","caud",1,-57.6364898681641,"PTSD"
8006,"learn_2","caud",2,-22.7642688751221,"PTSD"
8006,"reverse_1","caud",1,-57.8088302612305,"PTSD"
8006,"reverse_1","caud",2,-76.8403930664062,"PTSD"
8006,"reverse_2","caud",1,-117.476615905762,"PTSD"
8006,"reverse_2","caud",2,-112.297813415527,"PTSD"
8006,"learn_1","hipp",1,-21.3832302093506,"PTSD"
8006,"learn_1","hipp",2,-61.165096282959,"PTSD"
8006,"learn_2","hipp",1,-0.125131249427795,"PTSD"
8006,"learn_2","hipp",2,39.8160018920898,"PTSD"
8006,"reverse_1","hipp",1,23.8546352386475,"PTSD"
8006,"reverse_1","hipp",2,-67.298942565918,"PTSD"
8006,"reverse_2","hipp",1,-79.3163528442383,"PTSD"
8006,"reverse_2","hipp",2,-71.3319244384766,"PTSD"
8006,"learn_1","NAcc",1,31.0502490997314,"PTSD"
8006,"learn_1","NAcc",2,-37.184871673584,"PTSD"
8006,"learn_2","NAcc",1,-52.0117530822754,"PTSD"
8006,"learn_2","NAcc",2,-37.242488861084,"PTSD"
8006,"reverse_1","NAcc",1,-93.418571472168,"PTSD"
8006,"reverse_1","NAcc",2,-225.086288452148,"PTSD"
8006,"reverse_2","NAcc",1,-196.652496337891,"PTSD"
8006,"reverse_2","NAcc",2,-212.133392333984,"PTSD"
8006,"learn_1","amyg",1,-8.42100238800049,"PTSD"
8006,"learn_1","amyg",2,-8.94733428955078,"PTSD"
8006,"learn_2","amyg",1,-33.0568809509277,"PTSD"
8006,"learn_2","amyg",2,38.1605110168457,"PTSD"
8006,"reverse_1","amyg",1,31.0207595825195,"PTSD"
8006,"reverse_1","amyg",2,-79.6125717163086,"PTSD"
8006,"reverse_2","amyg",1,-45.6132469177246,"PTSD"
8006,"reverse_2","amyg",2,-18.2140159606934,"PTSD"
8009,"learn_1","putam",1,-2.50753259658813,"PTSD"
8009,"learn_1","putam",2,14.295298576355,"PTSD"
8009,"learn_2","putam",1,73.9807434082031,"PTSD"
8009,"learn_2","putam",2,-64.336067199707,"PTSD"
8009,"reverse_1","putam",1,8.58666801452637,"PTSD"
8009,"reverse_1","putam",2,-60.4756774902344,"PTSD"
8009,"reverse_2","putam",1,27.4276332855225,"PTSD"
8009,"reverse_2","putam",2,29.6373958587646,"PTSD"
8009,"learn_1","caud",1,-0.742912292480469,"PTSD"
8009,"learn_1","caud",2,-1.72153067588806,"PTSD"
8009,"learn_2","caud",1,79.3701019287109,"PTSD"
8009,"learn_2","caud",2,-53.7159614562988,"PTSD"
8009,"reverse_1","caud",1,17.7042598724365,"PTSD"
8009,"reverse_1","caud",2,-73.5439910888672,"PTSD"
8009,"reverse_2","caud",1,32.4641609191895,"PTSD"
8009,"reverse_2","caud",2,7.57260942459106,"PTSD"
8009,"learn_1","hipp",1,6.91385889053345,"PTSD"
8009,"learn_1","hipp",2,29.4423694610596,"PTSD"
8009,"learn_2","hipp",1,64.352783203125,"PTSD"
8009,"learn_2","hipp",2,-111.968124389648,"PTSD"
8009,"reverse_1","hipp",1,18.563814163208,"PTSD"
8009,"reverse_1","hipp",2,-45.0643196105957,"PTSD"
8009,"reverse_2","hipp",1,-13.8749399185181,"PTSD"
8009,"reverse_2","hipp",2,55.7771759033203,"PTSD"
8009,"learn_1","NAcc",1,31.5476112365723,"PTSD"
8009,"learn_1","NAcc",2,-39.0820960998535,"PTSD"
8009,"learn_2","NAcc",1,88.3599090576172,"PTSD"
8009,"learn_2","NAcc",2,-89.6032104492188,"PTSD"
8009,"reverse_1","NAcc",1,22.7735176086426,"PTSD"
8009,"reverse_1","NAcc",2,-87.4150772094727,"PTSD"
8009,"reverse_2","NAcc",1,8.46320533752441,"PTSD"
8009,"reverse_2","NAcc",2,15.6630201339722,"PTSD"
8009,"learn_1","amyg",1,31.344352722168,"PTSD"
8009,"learn_1","amyg",2,25.9176692962646,"PTSD"
8009,"learn_2","amyg",1,21.5057201385498,"PTSD"
8009,"learn_2","amyg",2,-80.8849029541016,"PTSD"
8009,"reverse_1","amyg",1,17.8324279785156,"PTSD"
8009,"reverse_1","amyg",2,-63.9451370239258,"PTSD"
8009,"reverse_2","amyg",1,-33.6811294555664,"PTSD"
8009,"reverse_2","amyg",2,37.7857131958008,"PTSD"
8011,"learn_1","putam",1,16.6384010314941,"PTSD"
8011,"learn_1","putam",2,5.71519374847412,"PTSD"
8011,"learn_2","putam",1,-11.0139560699463,"PTSD"
8011,"reverse_1","putam",1,-13.2619037628174,"PTSD"
8011,"reverse_1","putam",2,-35.3291206359863,"PTSD"
8011,"reverse_2","putam",1,-17.7697906494141,"PTSD"
8011,"reverse_2","putam",2,81.5324020385742,"PTSD"
8011,"learn_1","caud",1,7.55779933929443,"PTSD"
8011,"learn_1","caud",2,-21.7336711883545,"PTSD"
8011,"learn_2","caud",1,-36.5148963928223,"PTSD"
8011,"reverse_1","caud",1,-47.0390777587891,"PTSD"
8011,"reverse_1","caud",2,-59.2374496459961,"PTSD"
8011,"reverse_2","caud",1,-13.950177192688,"PTSD"
8011,"reverse_2","caud",2,208.99674987793,"PTSD"
8011,"learn_1","hipp",1,13.7438821792603,"PTSD"
8011,"learn_1","hipp",2,-34.7992515563965,"PTSD"
8011,"learn_2","hipp",1,-36.6190338134766,"PTSD"
8011,"reverse_1","hipp",1,-4.9484715461731,"PTSD"
8011,"reverse_1","hipp",2,-81.589973449707,"PTSD"
8011,"reverse_2","hipp",1,-1.58089065551758,"PTSD"
8011,"reverse_2","hipp",2,33.7016716003418,"PTSD"
8011,"learn_1","NAcc",1,-39.9575309753418,"PTSD"
8011,"learn_1","NAcc",2,-154.268890380859,"PTSD"
8011,"learn_2","NAcc",1,-52.3042793273926,"PTSD"
8011,"reverse_1","NAcc",1,-37.5637359619141,"PTSD"
8011,"reverse_1","NAcc",2,-44.3078422546387,"PTSD"
8011,"reverse_2","NAcc",1,-34.1807594299316,"PTSD"
8011,"reverse_2","NAcc",2,-216.410903930664,"PTSD"
8011,"learn_1","amyg",1,7.8609094619751,"PTSD"
8011,"learn_1","amyg",2,-36.1697273254395,"PTSD"
8011,"learn_2","amyg",1,14.4058389663696,"PTSD"
8011,"reverse_1","amyg",1,-2.55771017074585,"PTSD"
8011,"reverse_1","amyg",2,-54.1582069396973,"PTSD"
8011,"reverse_2","amyg",1,-42.0939788818359,"PTSD"
8011,"reverse_2","amyg",2,-25.1423511505127,"PTSD"
8012,"learn_1","putam",1,-8.97664451599121,"PTSD"
8012,"learn_1","putam",2,7.26314163208008,"PTSD"
8012,"learn_2","putam",1,-0.669523358345032,"PTSD"
8012,"learn_2","putam",2,3.28516483306885,"PTSD"
8012,"reverse_1","putam",1,-57.539119720459,"PTSD"
8012,"reverse_1","putam",2,-63.7582855224609,"PTSD"
8012,"reverse_2","putam",1,24.9123458862305,"PTSD"
8012,"reverse_2","putam",2,13.6406478881836,"PTSD"
8012,"learn_1","caud",1,-18.4621925354004,"PTSD"
8012,"learn_1","caud",2,43.8485565185547,"PTSD"
8012,"learn_2","caud",1,17.1015129089355,"PTSD"
8012,"learn_2","caud",2,24.7242603302002,"PTSD"
8012,"reverse_1","caud",1,-32.170482635498,"PTSD"
8012,"reverse_1","caud",2,-31.018533706665,"PTSD"
8012,"reverse_2","caud",1,53.3212966918945,"PTSD"
8012,"reverse_2","caud",2,30.3243255615234,"PTSD"
8012,"learn_1","hipp",1,-57.8417434692383,"PTSD"
8012,"learn_1","hipp",2,-22.5844593048096,"PTSD"
8012,"learn_2","hipp",1,3.60825800895691,"PTSD"
8012,"learn_2","hipp",2,-36.0466728210449,"PTSD"
8012,"reverse_1","hipp",1,-23.8022899627686,"PTSD"
8012,"reverse_1","hipp",2,-54.7724800109863,"PTSD"
8012,"reverse_2","hipp",1,5.09502172470093,"PTSD"
8012,"reverse_2","hipp",2,7.35345792770386,"PTSD"
8012,"learn_1","NAcc",1,12.8158407211304,"PTSD"
8012,"learn_1","NAcc",2,-32.5834045410156,"PTSD"
8012,"learn_2","NAcc",1,-18.7953414916992,"PTSD"
8012,"learn_2","NAcc",2,40.9274635314941,"PTSD"
8012,"reverse_1","NAcc",1,-72.0009078979492,"PTSD"
8012,"reverse_1","NAcc",2,-97.4754257202148,"PTSD"
8012,"reverse_2","NAcc",1,10.0958576202393,"PTSD"
8012,"reverse_2","NAcc",2,-20.0195178985596,"PTSD"
8012,"learn_1","amyg",1,-5.36688661575317,"PTSD"
8012,"learn_1","amyg",2,-17.1690979003906,"PTSD"
8012,"learn_2","amyg",1,23.3099842071533,"PTSD"
8012,"learn_2","amyg",2,-3.22310042381287,"PTSD"
8012,"reverse_1","amyg",1,-34.1294059753418,"PTSD"
8012,"reverse_1","amyg",2,-64.9050827026367,"PTSD"
8012,"reverse_2","amyg",1,17.8844375610352,"PTSD"
8012,"reverse_2","amyg",2,0.366672396659851,"PTSD"
8013,"learn_2","putam",1,11.150164604187,"PTSD"
8013,"learn_2","putam",2,-5.0069871859737e-11,"PTSD"
8013,"reverse_1","putam",1,-52.8081245422363,"PTSD"
8013,"reverse_1","putam",2,-184.870025634766,"PTSD"
8013,"reverse_2","putam",1,35.6190986633301,"PTSD"
8013,"reverse_2","putam",2,167.695114135742,"PTSD"
8013,"learn_2","caud",1,-32.6805381774902,"PTSD"
8013,"learn_2","caud",2,-2.21553664303542e-10,"PTSD"
8013,"reverse_1","caud",1,-77.0309906005859,"PTSD"
8013,"reverse_1","caud",2,-127.336380004883,"PTSD"
8013,"reverse_2","caud",1,33.643856048584,"PTSD"
8013,"reverse_2","caud",2,249.703216552734,"PTSD"
8013,"learn_2","hipp",1,-14.1643590927124,"PTSD"
8013,"learn_2","hipp",2,-1.11022704918362e-10,"PTSD"
8013,"reverse_1","hipp",1,-85.5624008178711,"PTSD"
8013,"reverse_1","hipp",2,-257.781921386719,"PTSD"
8013,"reverse_2","hipp",1,78.4352264404297,"PTSD"
8013,"reverse_2","hipp",2,386.896179199219,"PTSD"
8013,"learn_2","NAcc",1,-56.4228210449219,"PTSD"
8013,"learn_2","NAcc",2,-2.57863674857362e-10,"PTSD"
8013,"reverse_1","NAcc",1,-115.385604858398,"PTSD"
8013,"reverse_1","NAcc",2,-101.47127532959,"PTSD"
8013,"reverse_2","NAcc",1,90.5739212036133,"PTSD"
8013,"reverse_2","NAcc",2,76.5884475708008,"PTSD"
8013,"learn_2","amyg",1,17.7005367279053,"PTSD"
8013,"learn_2","amyg",2,-1.18032403295665e-10,"PTSD"
8013,"reverse_1","amyg",1,-46.3585205078125,"PTSD"
8013,"reverse_1","amyg",2,-246.603057861328,"PTSD"
8013,"reverse_2","amyg",1,47.2709159851074,"PTSD"
8013,"reverse_2","amyg",2,333.119018554688,"PTSD"
8014,"learn_1","putam",1,-16.9041194915771,"PTSD"
8014,"learn_1","putam",2,-36.3061828613281,"PTSD"
8014,"learn_2","putam",1,39.5015411376953,"PTSD"
8014,"learn_2","putam",2,34.1564521789551,"PTSD"
8014,"reverse_1","putam",1,-67.2333831787109,"PTSD"
8014,"reverse_1","putam",2,-196.970520019531,"PTSD"
8014,"reverse_2","putam",1,124.774528503418,"PTSD"
8014,"reverse_2","putam",2,151.162643432617,"PTSD"
8014,"learn_1","caud",1,-9.10684299468994,"PTSD"
8014,"learn_1","caud",2,-38.9394111633301,"PTSD"
8014,"learn_2","caud",1,27.0713310241699,"PTSD"
8014,"learn_2","caud",2,59.9709625244141,"PTSD"
8014,"reverse_1","caud",1,-134.793869018555,"PTSD"
8014,"reverse_1","caud",2,-276.364654541016,"PTSD"
8014,"reverse_2","caud",1,127.584594726562,"PTSD"
8014,"reverse_2","caud",2,133.611038208008,"PTSD"
8014,"learn_1","hipp",1,-2.16011762619019,"PTSD"
8014,"learn_1","hipp",2,-15.3130302429199,"PTSD"
8014,"learn_2","hipp",1,29.4377632141113,"PTSD"
8014,"learn_2","hipp",2,20.1150798797607,"PTSD"
8014,"reverse_1","hipp",1,21.1964778900146,"PTSD"
8014,"reverse_1","hipp",2,-43.3497314453125,"PTSD"
8014,"reverse_2","hipp",1,44.1124954223633,"PTSD"
8014,"reverse_2","hipp",2,77.1316528320312,"PTSD"
8014,"learn_1","NAcc",1,-26.4331932067871,"PTSD"
8014,"learn_1","NAcc",2,-93.4125061035156,"PTSD"
8014,"learn_2","NAcc",1,-8.66730308532715,"PTSD"
8014,"learn_2","NAcc",2,-20.214900970459,"PTSD"
8014,"reverse_1","NAcc",1,-169.460784912109,"PTSD"
8014,"reverse_1","NAcc",2,-354.862396240234,"PTSD"
8014,"reverse_2","NAcc",1,122.528717041016,"PTSD"
8014,"reverse_2","NAcc",2,74.9458084106445,"PTSD"
8014,"learn_1","amyg",1,-4.42046499252319,"PTSD"
8014,"learn_1","amyg",2,-15.3173036575317,"PTSD"
8014,"learn_2","amyg",1,10.9431600570679,"PTSD"
8014,"learn_2","amyg",2,17.6741809844971,"PTSD"
8014,"reverse_1","amyg",1,32.0877647399902,"PTSD"
8014,"reverse_1","amyg",2,-4.37787628173828,"PTSD"
8014,"reverse_2","amyg",1,30.339038848877,"PTSD"
8014,"reverse_2","amyg",2,-92.8356781005859,"PTSD"
8017,"learn_1","putam",1,13.1928691864014,"PTSD"
8017,"learn_1","putam",2,-30.7222156524658,"PTSD"
8017,"learn_2","putam",1,7.45667791366577,"PTSD"
8017,"reverse_1","putam",1,-33.8211479187012,"PTSD"
8017,"reverse_1","putam",2,-53.2217674255371,"PTSD"
8017,"reverse_2","putam",1,-11.0031604766846,"PTSD"
8017,"reverse_2","putam",2,136.678115844727,"PTSD"
8017,"learn_1","caud",1,29.6001014709473,"PTSD"
8017,"learn_1","caud",2,9.75010013580322,"PTSD"
8017,"learn_2","caud",1,1.78545117378235,"PTSD"
8017,"reverse_1","caud",1,-50.7145195007324,"PTSD"
8017,"reverse_1","caud",2,-74.1757125854492,"PTSD"
8017,"reverse_2","caud",1,-1.97489082813263,"PTSD"
8017,"reverse_2","caud",2,100.981979370117,"PTSD"
8017,"learn_1","hipp",1,-30.769380569458,"PTSD"
8017,"learn_1","hipp",2,-55.617546081543,"PTSD"
8017,"learn_2","hipp",1,-23.3232574462891,"PTSD"
8017,"reverse_1","hipp",1,-33.8359985351562,"PTSD"
8017,"reverse_1","hipp",2,-54.3444404602051,"PTSD"
8017,"reverse_2","hipp",1,-0.606399953365326,"PTSD"
8017,"reverse_2","hipp",2,-43.0055847167969,"PTSD"
8017,"learn_1","NAcc",1,6.57604742050171,"PTSD"
8017,"learn_1","NAcc",2,9.75484848022461,"PTSD"
8017,"learn_2","NAcc",1,4.72058200836182,"PTSD"
8017,"reverse_1","NAcc",1,-36.0558052062988,"PTSD"
8017,"reverse_1","NAcc",2,-87.0629043579102,"PTSD"
8017,"reverse_2","NAcc",1,-24.3089599609375,"PTSD"
8017,"reverse_2","NAcc",2,21.6933040618896,"PTSD"
8017,"learn_1","amyg",1,-22.7304592132568,"PTSD"
8017,"learn_1","amyg",2,-100.086540222168,"PTSD"
8017,"learn_2","amyg",1,24.8265972137451,"PTSD"
8017,"reverse_1","amyg",1,-4.59405279159546,"PTSD"
8017,"reverse_1","amyg",2,-3.52112054824829,"PTSD"
8017,"reverse_2","amyg",1,-9.67391204833984,"PTSD"
8017,"reverse_2","amyg",2,-278.973449707031,"PTSD"
8019,"learn_1","putam",1,7.43394756317139,"PTSD"
8019,"learn_1","putam",2,9.50153827667236,"PTSD"
8019,"learn_2","putam",1,-23.6939144134521,"PTSD"
8019,"learn_2","putam",2,-15.4320249557495,"PTSD"
8019,"reverse_1","putam",1,3.24655628204346,"PTSD"
8019,"reverse_1","putam",2,-21.9529418945312,"PTSD"
8019,"reverse_2","putam",1,0.278742581605911,"PTSD"
8019,"reverse_2","putam",2,68.1034317016602,"PTSD"
8019,"learn_1","caud",1,17.5537490844727,"PTSD"
8019,"learn_1","caud",2,25.2898921966553,"PTSD"
8019,"learn_2","caud",1,-36.1031723022461,"PTSD"
8019,"learn_2","caud",2,-41.4158821105957,"PTSD"
8019,"reverse_1","caud",1,-22.1349430084229,"PTSD"
8019,"reverse_1","caud",2,-20.4668350219727,"PTSD"
8019,"reverse_2","caud",1,8.29794216156006,"PTSD"
8019,"reverse_2","caud",2,58.2915534973145,"PTSD"
8019,"learn_1","hipp",1,11.8288564682007,"PTSD"
8019,"learn_1","hipp",2,-2.94352316856384,"PTSD"
8019,"learn_2","hipp",1,1.45133292675018,"PTSD"
8019,"learn_2","hipp",2,-30.3128395080566,"PTSD"
8019,"reverse_1","hipp",1,-17.5987873077393,"PTSD"
8019,"reverse_1","hipp",2,-47.4924659729004,"PTSD"
8019,"reverse_2","hipp",1,-3.7880232334137,"PTSD"
8019,"reverse_2","hipp",2,6.47064256668091,"PTSD"
8019,"learn_1","NAcc",1,-0.958381712436676,"PTSD"
8019,"learn_1","NAcc",2,12.5536804199219,"PTSD"
8019,"learn_2","NAcc",1,-35.4647026062012,"PTSD"
8019,"learn_2","NAcc",2,-59.8471221923828,"PTSD"
8019,"reverse_1","NAcc",1,-44.7589111328125,"PTSD"
8019,"reverse_1","NAcc",2,-106.96076965332,"PTSD"
8019,"reverse_2","NAcc",1,-45.975513458252,"PTSD"
8019,"reverse_2","NAcc",2,67.908332824707,"PTSD"
8019,"learn_1","amyg",1,24.9937915802002,"PTSD"
8019,"learn_1","amyg",2,29.1464138031006,"PTSD"
8019,"learn_2","amyg",1,10.1460075378418,"PTSD"
8019,"learn_2","amyg",2,-1.41320431232452,"PTSD"
8019,"reverse_1","amyg",1,14.5550479888916,"PTSD"
8019,"reverse_1","amyg",2,15.7006807327271,"PTSD"
8019,"reverse_2","amyg",1,-1.99835932254791,"PTSD"
8019,"reverse_2","amyg",2,-68.2829666137695,"PTSD"
8020,"learn_1","putam",1,7.99074363708496,"PTSD"
8020,"learn_1","putam",2,22.1555862426758,"PTSD"
8020,"learn_2","putam",1,22.6685733795166,"PTSD"
8020,"learn_2","putam",2,23.1424102783203,"PTSD"
8020,"reverse_1","putam",1,49.8116226196289,"PTSD"
8020,"reverse_1","putam",2,4.71344947814941,"PTSD"
8020,"reverse_2","putam",1,26.1132354736328,"PTSD"
8020,"reverse_2","putam",2,30.9246673583984,"PTSD"
8020,"learn_1","caud",1,7.87441825866699,"PTSD"
8020,"learn_1","caud",2,-0.722642421722412,"PTSD"
8020,"learn_2","caud",1,19.6475868225098,"PTSD"
8020,"learn_2","caud",2,11.5692234039307,"PTSD"
8020,"reverse_1","caud",1,47.748420715332,"PTSD"
8020,"reverse_1","caud",2,-43.9766159057617,"PTSD"
8020,"reverse_2","caud",1,25.116138458252,"PTSD"
8020,"reverse_2","caud",2,45.9294319152832,"PTSD"
8020,"learn_1","hipp",1,32.3852462768555,"PTSD"
8020,"learn_1","hipp",2,19.0148448944092,"PTSD"
8020,"learn_2","hipp",1,41.4721565246582,"PTSD"
8020,"learn_2","hipp",2,42.9608612060547,"PTSD"
8020,"reverse_1","hipp",1,37.1170539855957,"PTSD"
8020,"reverse_1","hipp",2,-12.2279205322266,"PTSD"
8020,"reverse_2","hipp",1,17.3879108428955,"PTSD"
8020,"reverse_2","hipp",2,44.6348495483398,"PTSD"
8020,"learn_1","NAcc",1,1.8650735616684,"PTSD"
8020,"learn_1","NAcc",2,-44.9987106323242,"PTSD"
8020,"learn_2","NAcc",1,-0.521596014499664,"PTSD"
8020,"learn_2","NAcc",2,49.2916641235352,"PTSD"
8020,"reverse_1","NAcc",1,39.0420837402344,"PTSD"
8020,"reverse_1","NAcc",2,-80.4473419189453,"PTSD"
8020,"reverse_2","NAcc",1,2.66559314727783,"PTSD"
8020,"reverse_2","NAcc",2,36.8006019592285,"PTSD"
8020,"learn_1","amyg",1,59.8827209472656,"PTSD"
8020,"learn_1","amyg",2,18.2308883666992,"PTSD"
8020,"learn_2","amyg",1,85.1743927001953,"PTSD"
8020,"learn_2","amyg",2,60.7396430969238,"PTSD"
8020,"reverse_1","amyg",1,26.1431179046631,"PTSD"
8020,"reverse_1","amyg",2,13.0040063858032,"PTSD"
8020,"reverse_2","amyg",1,-16.6798248291016,"PTSD"
8020,"reverse_2","amyg",2,-14.3085289001465,"PTSD"
8024,"learn_1","putam",1,0.877803206443787,"PTSD"
8024,"learn_1","putam",2,-19.3282318115234,"PTSD"
8024,"learn_2","putam",1,-0.463186949491501,"PTSD"
8024,"learn_2","putam",2,-18.1027374267578,"PTSD"
8024,"reverse_1","putam",1,6.15249919891357,"PTSD"
8024,"reverse_1","putam",2,13.8288021087646,"PTSD"
8024,"reverse_2","putam",1,27.7613143920898,"PTSD"
8024,"reverse_2","putam",2,16.9655017852783,"PTSD"
8024,"learn_1","caud",1,-22.0958061218262,"PTSD"
8024,"learn_1","caud",2,-11.7954406738281,"PTSD"
8024,"learn_2","caud",1,-44.3577346801758,"PTSD"
8024,"learn_2","caud",2,-45.0734710693359,"PTSD"
8024,"reverse_1","caud",1,-23.5551147460938,"PTSD"
8024,"reverse_1","caud",2,-17.2008495330811,"PTSD"
8024,"reverse_2","caud",1,-0.913533449172974,"PTSD"
8024,"reverse_2","caud",2,-30.271520614624,"PTSD"
8024,"learn_1","hipp",1,-30.0068988800049,"PTSD"
8024,"learn_1","hipp",2,-30.9462203979492,"PTSD"
8024,"learn_2","hipp",1,-43.4050941467285,"PTSD"
8024,"learn_2","hipp",2,-31.6496677398682,"PTSD"
8024,"reverse_1","hipp",1,-37.6722717285156,"PTSD"
8024,"reverse_1","hipp",2,-67.0091934204102,"PTSD"
8024,"reverse_2","hipp",1,-18.4790744781494,"PTSD"
8024,"reverse_2","hipp",2,-72.560661315918,"PTSD"
8024,"learn_1","NAcc",1,19.7991256713867,"PTSD"
8024,"learn_1","NAcc",2,-39.3907127380371,"PTSD"
8024,"learn_2","NAcc",1,-48.6236915588379,"PTSD"
8024,"learn_2","NAcc",2,-72.5743637084961,"PTSD"
8024,"reverse_1","NAcc",1,50.9649543762207,"PTSD"
8024,"reverse_1","NAcc",2,44.8578224182129,"PTSD"
8024,"reverse_2","NAcc",1,38.0081787109375,"PTSD"
8024,"reverse_2","NAcc",2,89.607551574707,"PTSD"
8024,"learn_1","amyg",1,-15.5072240829468,"PTSD"
8024,"learn_1","amyg",2,-48.7694282531738,"PTSD"
8024,"learn_2","amyg",1,-51.2471084594727,"PTSD"
8024,"learn_2","amyg",2,-51.303352355957,"PTSD"
8024,"reverse_1","amyg",1,-15.9475154876709,"PTSD"
8024,"reverse_1","amyg",2,-74.1443939208984,"PTSD"
8024,"reverse_2","amyg",1,55.3780517578125,"PTSD"
8024,"reverse_2","amyg",2,-9.02111530303955,"PTSD"
8026,"learn_1","putam",1,-2.19345760345459,"PTSD"
8026,"learn_1","putam",2,-54.5799903869629,"PTSD"
8026,"learn_2","putam",1,39.8978881835938,"PTSD"
8026,"learn_2","putam",2,17.0011806488037,"PTSD"
8026,"reverse_1","putam",1,-12.0809555053711,"PTSD"
8026,"reverse_1","putam",2,-16.5628967285156,"PTSD"
8026,"reverse_2","putam",1,-52.7206344604492,"PTSD"
8026,"reverse_2","putam",2,-42.0186653137207,"PTSD"
8026,"learn_1","caud",1,-10.7074565887451,"PTSD"
8026,"learn_1","caud",2,-54.242431640625,"PTSD"
8026,"learn_2","caud",1,51.2674140930176,"PTSD"
8026,"learn_2","caud",2,-0.667590200901031,"PTSD"
8026,"reverse_1","caud",1,-7.32635450363159,"PTSD"
8026,"reverse_1","caud",2,-44.231990814209,"PTSD"
8026,"reverse_2","caud",1,-42.5949440002441,"PTSD"
8026,"reverse_2","caud",2,-32.5402374267578,"PTSD"
8026,"learn_1","hipp",1,-24.7081756591797,"PTSD"
8026,"learn_1","hipp",2,-28.5808162689209,"PTSD"
8026,"learn_2","hipp",1,35.0756530761719,"PTSD"
8026,"learn_2","hipp",2,-15.1576890945435,"PTSD"
8026,"reverse_1","hipp",1,-34.3180084228516,"PTSD"
8026,"reverse_1","hipp",2,-11.146297454834,"PTSD"
8026,"reverse_2","hipp",1,-7.89984846115112,"PTSD"
8026,"reverse_2","hipp",2,7.79272508621216,"PTSD"
8026,"learn_1","NAcc",1,-41.3088836669922,"PTSD"
8026,"learn_1","NAcc",2,-84.5018920898438,"PTSD"
8026,"learn_2","NAcc",1,25.9566097259521,"PTSD"
8026,"learn_2","NAcc",2,-35.5433120727539,"PTSD"
8026,"reverse_1","NAcc",1,-24.9044570922852,"PTSD"
8026,"reverse_1","NAcc",2,6.66603755950928,"PTSD"
8026,"reverse_2","NAcc",1,-55.9461479187012,"PTSD"
8026,"reverse_2","NAcc",2,-49.7563285827637,"PTSD"
8026,"learn_1","amyg",1,8.32642364501953,"PTSD"
8026,"learn_1","amyg",2,-16.9182949066162,"PTSD"
8026,"learn_2","amyg",1,55.3998260498047,"PTSD"
8026,"learn_2","amyg",2,26.421760559082,"PTSD"
8026,"reverse_1","amyg",1,-48.4683303833008,"PTSD"
8026,"reverse_1","amyg",2,32.3933143615723,"PTSD"
8026,"reverse_2","amyg",1,-17.0701942443848,"PTSD"
8026,"reverse_2","amyg",2,6.66799259185791,"PTSD"
8027,"learn_1","putam",1,-25.7892551422119,"PTSD"
8027,"learn_1","putam",2,-17.7457656860352,"PTSD"
8027,"learn_2","putam",1,-19.8470783233643,"PTSD"
8027,"learn_2","putam",2,-55.8694915771484,"PTSD"
8027,"reverse_1","putam",1,-17.3406562805176,"PTSD"
8027,"reverse_1","putam",2,-35.1660194396973,"PTSD"
8027,"reverse_2","putam",1,-39.6118392944336,"PTSD"
8027,"reverse_2","putam",2,-81.5732192993164,"PTSD"
8027,"learn_1","caud",1,-25.3299789428711,"PTSD"
8027,"learn_1","caud",2,-0.90888649225235,"PTSD"
8027,"learn_2","caud",1,1.77103328704834,"PTSD"
8027,"learn_2","caud",2,-66.5844345092773,"PTSD"
8027,"reverse_1","caud",1,-28.0231971740723,"PTSD"
8027,"reverse_1","caud",2,2.82910060882568,"PTSD"
8027,"reverse_2","caud",1,-40.6259918212891,"PTSD"
8027,"reverse_2","caud",2,8.29408645629883,"PTSD"
8027,"learn_1","hipp",1,-10.2111158370972,"PTSD"
8027,"learn_1","hipp",2,-3.98593235015869,"PTSD"
8027,"learn_2","hipp",1,-4.67333030700684,"PTSD"
8027,"learn_2","hipp",2,-5.8005805015564,"PTSD"
8027,"reverse_1","hipp",1,-14.9859924316406,"PTSD"
8027,"reverse_1","hipp",2,-43.5116920471191,"PTSD"
8027,"reverse_2","hipp",1,-32.9724731445312,"PTSD"
8027,"reverse_2","hipp",2,-64.5518798828125,"PTSD"
8027,"learn_1","NAcc",1,-86.5895538330078,"PTSD"
8027,"learn_1","NAcc",2,-40.3986549377441,"PTSD"
8027,"learn_2","NAcc",1,-25.5224990844727,"PTSD"
8027,"learn_2","NAcc",2,-274.190948486328,"PTSD"
8027,"reverse_1","NAcc",1,-60.7901420593262,"PTSD"
8027,"reverse_1","NAcc",2,-79.9305267333984,"PTSD"
8027,"reverse_2","NAcc",1,-116.910049438477,"PTSD"
8027,"reverse_2","NAcc",2,-97.5260543823242,"PTSD"
8027,"learn_1","amyg",1,-6.30619668960571,"PTSD"
8027,"learn_1","amyg",2,21.2732391357422,"PTSD"
8027,"learn_2","amyg",1,-10.8781280517578,"PTSD"
8027,"learn_2","amyg",2,-54.8976974487305,"PTSD"
8027,"reverse_1","amyg",1,-29.0297660827637,"PTSD"
8027,"reverse_1","amyg",2,-45.6242599487305,"PTSD"
8027,"reverse_2","amyg",1,-56.482006072998,"PTSD"
8027,"reverse_2","amyg",2,-81.2967758178711,"PTSD"
8028,"learn_1","putam",1,13.3702220916748,"PTSD"
8028,"learn_1","putam",2,14.9835138320923,"PTSD"
8028,"learn_2","putam",1,12.6110076904297,"PTSD"
8028,"learn_2","putam",2,-4.91386127471924,"PTSD"
8028,"reverse_1","putam",1,31.7586803436279,"PTSD"
8028,"reverse_1","putam",2,-8.48152637481689,"PTSD"
8028,"reverse_2","putam",1,33.8831443786621,"PTSD"
8028,"reverse_2","putam",2,-29.6767978668213,"PTSD"
8028,"learn_1","caud",1,18.8722591400146,"PTSD"
8028,"learn_1","caud",2,23.3833389282227,"PTSD"
8028,"learn_2","caud",1,-5.43050718307495,"PTSD"
8028,"learn_2","caud",2,-36.3303031921387,"PTSD"
8028,"reverse_1","caud",1,7.47271299362183,"PTSD"
8028,"reverse_1","caud",2,-13.6658744812012,"PTSD"
8028,"reverse_2","caud",1,23.7765045166016,"PTSD"
8028,"reverse_2","caud",2,2.04544758796692,"PTSD"
8028,"learn_1","hipp",1,1.10268723964691,"PTSD"
8028,"learn_1","hipp",2,-10.24245262146,"PTSD"
8028,"learn_2","hipp",1,-6.33254671096802,"PTSD"
8028,"learn_2","hipp",2,-12.9478387832642,"PTSD"
8028,"reverse_1","hipp",1,7.70631837844849,"PTSD"
8028,"reverse_1","hipp",2,-47.841739654541,"PTSD"
8028,"reverse_2","hipp",1,37.0984382629395,"PTSD"
8028,"reverse_2","hipp",2,-33.8194847106934,"PTSD"
8028,"learn_1","NAcc",1,50.2736473083496,"PTSD"
8028,"learn_1","NAcc",2,35.6455421447754,"PTSD"
8028,"learn_2","NAcc",1,-5.30107164382935,"PTSD"
8028,"learn_2","NAcc",2,-80.039176940918,"PTSD"
8028,"reverse_1","NAcc",1,12.3143625259399,"PTSD"
8028,"reverse_1","NAcc",2,-56.0634765625,"PTSD"
8028,"reverse_2","NAcc",1,-41.5010604858398,"PTSD"
8028,"reverse_2","NAcc",2,-130.76399230957,"PTSD"
8028,"learn_1","amyg",1,-11.6591100692749,"PTSD"
8028,"learn_1","amyg",2,3.57083487510681,"PTSD"
8028,"learn_2","amyg",1,-8.108229637146,"PTSD"
8028,"learn_2","amyg",2,34.9691314697266,"PTSD"
8028,"reverse_1","amyg",1,-10.497462272644,"PTSD"
8028,"reverse_1","amyg",2,-4.94726324081421,"PTSD"
8028,"reverse_2","amyg",1,15.2206573486328,"PTSD"
8028,"reverse_2","amyg",2,26.0491752624512,"PTSD"
8030,"learn_1","putam",1,-6.05379056930542,"PTSD"
8030,"learn_1","putam",2,-2.33472275733948,"PTSD"
8030,"learn_2","putam",1,2.36621356010437,"PTSD"
8030,"learn_2","putam",2,26.5700454711914,"PTSD"
8030,"reverse_1","putam",1,-6.41579246520996,"PTSD"
8030,"reverse_1","putam",2,-3.2325439453125,"PTSD"
8030,"reverse_2","putam",1,53.973258972168,"PTSD"
8030,"reverse_2","putam",2,36.1032409667969,"PTSD"
8030,"learn_1","caud",1,28.6220989227295,"PTSD"
8030,"learn_1","caud",2,38.6912117004395,"PTSD"
8030,"learn_2","caud",1,-4.56817150115967,"PTSD"
8030,"learn_2","caud",2,20.1830921173096,"PTSD"
8030,"reverse_1","caud",1,13.0811233520508,"PTSD"
8030,"reverse_1","caud",2,105.563583374023,"PTSD"
8030,"reverse_2","caud",1,31.255256652832,"PTSD"
8030,"reverse_2","caud",2,22.2977046966553,"PTSD"
8030,"learn_1","hipp",1,7.8900899887085,"PTSD"
8030,"learn_1","hipp",2,4.99931573867798,"PTSD"
8030,"learn_2","hipp",1,-33.6482772827148,"PTSD"
8030,"learn_2","hipp",2,-74.4086990356445,"PTSD"
8030,"reverse_1","hipp",1,10.7600135803223,"PTSD"
8030,"reverse_1","hipp",2,-16.0522766113281,"PTSD"
8030,"reverse_2","hipp",1,19.956600189209,"PTSD"
8030,"reverse_2","hipp",2,-23.808967590332,"PTSD"
8030,"learn_1","NAcc",1,7.17768001556396,"PTSD"
8030,"learn_1","NAcc",2,30.5272388458252,"PTSD"
8030,"learn_2","NAcc",1,-42.6318778991699,"PTSD"
8030,"learn_2","NAcc",2,-31.9906806945801,"PTSD"
8030,"reverse_1","NAcc",1,3.5813102722168,"PTSD"
8030,"reverse_1","NAcc",2,42.9075813293457,"PTSD"
8030,"reverse_2","NAcc",1,-3.51673054695129,"PTSD"
8030,"reverse_2","NAcc",2,33.3568534851074,"PTSD"
8030,"learn_1","amyg",1,5.56860733032227,"PTSD"
8030,"learn_1","amyg",2,3.48077607154846,"PTSD"
8030,"learn_2","amyg",1,-21.8172187805176,"PTSD"
8030,"learn_2","amyg",2,-49.4294319152832,"PTSD"
8030,"reverse_1","amyg",1,1.55983400344849,"PTSD"
8030,"reverse_1","amyg",2,-21.4218139648438,"PTSD"
8030,"reverse_2","amyg",1,0.592407703399658,"PTSD"
8030,"reverse_2","amyg",2,-19.3889961242676,"PTSD"
8031,"learn_1","putam",1,27.2364902496338,"PTSD"
8031,"learn_1","putam",2,-25.7456588745117,"PTSD"
8031,"learn_2","putam",1,-7.79036378860474,"PTSD"
8031,"learn_2","putam",2,27.9629669189453,"PTSD"
8031,"reverse_1","putam",1,-59.5303688049316,"PTSD"
8031,"reverse_1","putam",2,-109.371025085449,"PTSD"
8031,"reverse_2","putam",1,16.981143951416,"PTSD"
8031,"reverse_2","putam",2,57.6523590087891,"PTSD"
8031,"learn_1","caud",1,16.5618782043457,"PTSD"
8031,"learn_1","caud",2,-46.6880226135254,"PTSD"
8031,"learn_2","caud",1,-0.396801054477692,"PTSD"
8031,"learn_2","caud",2,83.9703063964844,"PTSD"
8031,"reverse_1","caud",1,-77.6265029907227,"PTSD"
8031,"reverse_1","caud",2,-65.4949111938477,"PTSD"
8031,"reverse_2","caud",1,31.0965270996094,"PTSD"
8031,"reverse_2","caud",2,214.12841796875,"PTSD"
8031,"learn_1","hipp",1,-24.6286563873291,"PTSD"
8031,"learn_1","hipp",2,-56.6056289672852,"PTSD"
8031,"learn_2","hipp",1,4.66894578933716,"PTSD"
8031,"learn_2","hipp",2,50.0166053771973,"PTSD"
8031,"reverse_1","hipp",1,-64.0381088256836,"PTSD"
8031,"reverse_1","hipp",2,-79.0151443481445,"PTSD"
8031,"reverse_2","hipp",1,-2.7027792930603,"PTSD"
8031,"reverse_2","hipp",2,14.338490486145,"PTSD"
8031,"learn_1","NAcc",1,-8.64005088806152,"PTSD"
8031,"learn_1","NAcc",2,-48.8705978393555,"PTSD"
8031,"learn_2","NAcc",1,-24.5261154174805,"PTSD"
8031,"learn_2","NAcc",2,23.6892070770264,"PTSD"
8031,"reverse_1","NAcc",1,-151.81005859375,"PTSD"
8031,"reverse_1","NAcc",2,-203.708770751953,"PTSD"
8031,"reverse_2","NAcc",1,-33.175968170166,"PTSD"
8031,"reverse_2","NAcc",2,119.873649597168,"PTSD"
8031,"learn_1","amyg",1,-4.18205833435059,"PTSD"
8031,"learn_1","amyg",2,-34.7800598144531,"PTSD"
8031,"learn_2","amyg",1,5.3654932975769,"PTSD"
8031,"learn_2","amyg",2,59.6373748779297,"PTSD"
8031,"reverse_1","amyg",1,6.41612243652344,"PTSD"
8031,"reverse_1","amyg",2,10.5224189758301,"PTSD"
8031,"reverse_2","amyg",1,16.9061584472656,"PTSD"
8031,"reverse_2","amyg",2,-125.742500305176,"PTSD"
8032,"learn_1","putam",1,42.1113624572754,"PTSD"
8032,"learn_1","putam",2,-23.408353805542,"PTSD"
8032,"learn_2","putam",1,72.0914840698242,"PTSD"
8032,"learn_2","putam",2,48.1320381164551,"PTSD"
8032,"reverse_1","putam",1,33.8744010925293,"PTSD"
8032,"reverse_1","putam",2,-22.9700469970703,"PTSD"
8032,"reverse_2","putam",1,-0.968453764915466,"PTSD"
8032,"reverse_2","putam",2,25.1940517425537,"PTSD"
8032,"learn_1","caud",1,-1.32105338573456,"PTSD"
8032,"learn_1","caud",2,-9.39586162567139,"PTSD"
8032,"learn_2","caud",1,69.0061416625977,"PTSD"
8032,"learn_2","caud",2,18.3368530273438,"PTSD"
8032,"reverse_1","caud",1,25.2881717681885,"PTSD"
8032,"reverse_1","caud",2,-12.4038982391357,"PTSD"
8032,"reverse_2","caud",1,-50.6427688598633,"PTSD"
8032,"reverse_2","caud",2,-4.0843768119812,"PTSD"
8032,"learn_1","hipp",1,19.1952667236328,"PTSD"
8032,"learn_1","hipp",2,13.4703235626221,"PTSD"
8032,"learn_2","hipp",1,15.7880344390869,"PTSD"
8032,"learn_2","hipp",2,-23.7978115081787,"PTSD"
8032,"reverse_1","hipp",1,48.3869323730469,"PTSD"
8032,"reverse_1","hipp",2,-21.2829685211182,"PTSD"
8032,"reverse_2","hipp",1,11.7853317260742,"PTSD"
8032,"reverse_2","hipp",2,27.9985790252686,"PTSD"
8032,"learn_1","NAcc",1,-27.8646812438965,"PTSD"
8032,"learn_1","NAcc",2,20.7250995635986,"PTSD"
8032,"learn_2","NAcc",1,22.5585670471191,"PTSD"
8032,"learn_2","NAcc",2,-128.941925048828,"PTSD"
8032,"reverse_1","NAcc",1,29.5232353210449,"PTSD"
8032,"reverse_1","NAcc",2,-74.1035308837891,"PTSD"
8032,"reverse_2","NAcc",1,-93.9723205566406,"PTSD"
8032,"reverse_2","NAcc",2,-52.0963935852051,"PTSD"
8032,"learn_1","amyg",1,-6.0086932182312,"PTSD"
8032,"learn_1","amyg",2,12.5403356552124,"PTSD"
8032,"learn_2","amyg",1,17.0073986053467,"PTSD"
8032,"learn_2","amyg",2,1.18870985507965,"PTSD"
8032,"reverse_1","amyg",1,62.8280601501465,"PTSD"
8032,"reverse_1","amyg",2,4.27055263519287,"PTSD"
8032,"reverse_2","amyg",1,-31.4732227325439,"PTSD"
8032,"reverse_2","amyg",2,39.574390411377,"PTSD"
8033,"learn_1","putam",1,45.8816108703613,"PTSD"
8033,"learn_1","putam",2,34.8092079162598,"PTSD"
8033,"learn_2","putam",1,19.9031391143799,"PTSD"
8033,"learn_2","putam",2,-15.1129169464111,"PTSD"
8033,"reverse_1","putam",1,-28.0245685577393,"PTSD"
8033,"reverse_1","putam",2,-50.1601409912109,"PTSD"
8033,"reverse_2","putam",1,7.78573369979858,"PTSD"
8033,"reverse_2","putam",2,6.16550865917276e-10,"PTSD"
8033,"learn_1","caud",1,44.0358200073242,"PTSD"
8033,"learn_1","caud",2,5.40616464614868,"PTSD"
8033,"learn_2","caud",1,-3.66405177116394,"PTSD"
8033,"learn_2","caud",2,-91.8715362548828,"PTSD"
8033,"reverse_1","caud",1,-7.9304347038269,"PTSD"
8033,"reverse_1","caud",2,75.7204818725586,"PTSD"
8033,"reverse_2","caud",1,-20.8635597229004,"PTSD"
8033,"reverse_2","caud",2,3.88418436303439e-10,"PTSD"
8033,"learn_1","hipp",1,25.762975692749,"PTSD"
8033,"learn_1","hipp",2,-4.86350107192993,"PTSD"
8033,"learn_2","hipp",1,-6.71232461929321,"PTSD"
8033,"learn_2","hipp",2,-108.661109924316,"PTSD"
8033,"reverse_1","hipp",1,-29.7479934692383,"PTSD"
8033,"reverse_1","hipp",2,-108.865653991699,"PTSD"
8033,"reverse_2","hipp",1,-27.9143829345703,"PTSD"
8033,"reverse_2","hipp",2,-2.27756771775667e-10,"PTSD"
8033,"learn_1","NAcc",1,-21.444356918335,"PTSD"
8033,"learn_1","NAcc",2,-103.439956665039,"PTSD"
8033,"learn_2","NAcc",1,40.8650436401367,"PTSD"
8033,"learn_2","NAcc",2,-63.1589546203613,"PTSD"
8033,"reverse_1","NAcc",1,-55.7537117004395,"PTSD"
8033,"reverse_1","NAcc",2,40.8642997741699,"PTSD"
8033,"reverse_2","NAcc",1,-44.8913459777832,"PTSD"
8033,"reverse_2","NAcc",2,3.42884887150063e-10,"PTSD"
8033,"learn_1","amyg",1,78.816780090332,"PTSD"
8033,"learn_1","amyg",2,24.2387676239014,"PTSD"
8033,"learn_2","amyg",1,5.89574384689331,"PTSD"
8033,"learn_2","amyg",2,-36.7976417541504,"PTSD"
8033,"reverse_1","amyg",1,-46.352409362793,"PTSD"
8033,"reverse_1","amyg",2,-64.5404510498047,"PTSD"
8033,"reverse_2","amyg",1,-33.1939506530762,"PTSD"
8033,"reverse_2","amyg",2,1.00847510897673e-10,"PTSD"
8034,"learn_1","putam",1,16.3084011077881,"PTSD"
8034,"learn_1","putam",2,-16.2278480529785,"PTSD"
8034,"learn_2","putam",1,-9.03796768188477,"PTSD"
8034,"learn_2","putam",2,27.3936405181885,"PTSD"
8034,"reverse_1","putam",1,-49.0018196105957,"PTSD"
8034,"reverse_1","putam",2,-147.550979614258,"PTSD"
8034,"reverse_2","putam",1,-31.2590389251709,"PTSD"
8034,"reverse_2","putam",2,-34.4362182617188,"PTSD"
8034,"learn_1","caud",1,6.95392751693726,"PTSD"
8034,"learn_1","caud",2,-5.24324035644531,"PTSD"
8034,"learn_2","caud",1,0.127294734120369,"PTSD"
8034,"learn_2","caud",2,68.3760375976562,"PTSD"
8034,"reverse_1","caud",1,-63.8815803527832,"PTSD"
8034,"reverse_1","caud",2,-72.6558609008789,"PTSD"
8034,"reverse_2","caud",1,-58.7607460021973,"PTSD"
8034,"reverse_2","caud",2,17.0926856994629,"PTSD"
8034,"learn_1","hipp",1,0.857008218765259,"PTSD"
8034,"learn_1","hipp",2,-19.6987895965576,"PTSD"
8034,"learn_2","hipp",1,-7.05848836898804,"PTSD"
8034,"learn_2","hipp",2,-27.0557746887207,"PTSD"
8034,"reverse_1","hipp",1,-34.0388717651367,"PTSD"
8034,"reverse_1","hipp",2,-134.457611083984,"PTSD"
8034,"reverse_2","hipp",1,-50.705150604248,"PTSD"
8034,"reverse_2","hipp",2,-102.083930969238,"PTSD"
8034,"learn_1","NAcc",1,3.70386743545532,"PTSD"
8034,"learn_1","NAcc",2,-20.5661430358887,"PTSD"
8034,"learn_2","NAcc",1,-26.1054916381836,"PTSD"
8034,"learn_2","NAcc",2,47.7071380615234,"PTSD"
8034,"reverse_1","NAcc",1,-51.2994041442871,"PTSD"
8034,"reverse_1","NAcc",2,-22.5778484344482,"PTSD"
8034,"reverse_2","NAcc",1,-13.3694763183594,"PTSD"
8034,"reverse_2","NAcc",2,38.5969314575195,"PTSD"
8034,"learn_1","amyg",1,-18.0468864440918,"PTSD"
8034,"learn_1","amyg",2,-46.1912231445312,"PTSD"
8034,"learn_2","amyg",1,6.22784423828125,"PTSD"
8034,"learn_2","amyg",2,-9.75884246826172,"PTSD"
8034,"reverse_1","amyg",1,-56.5984573364258,"PTSD"
8034,"reverse_1","amyg",2,-207.661376953125,"PTSD"
8034,"reverse_2","amyg",1,-56.9244384765625,"PTSD"
8034,"reverse_2","amyg",2,-94.5617752075195,"PTSD"
8035,"learn_1","putam",1,-2.40506553649902,"PTSD"
8035,"learn_1","putam",2,12.9192934036255,"PTSD"
8035,"learn_2","putam",1,91.4559707641602,"PTSD"
8035,"learn_2","putam",2,-25.435079574585,"PTSD"
8035,"reverse_1","putam",1,17.4238166809082,"PTSD"
8035,"reverse_1","putam",2,19.9505748748779,"PTSD"
8035,"reverse_2","putam",1,-9.91384792327881,"PTSD"
8035,"reverse_2","putam",2,116.093589782715,"PTSD"
8035,"learn_1","caud",1,5.28858470916748,"PTSD"
8035,"learn_1","caud",2,8.3710298538208,"PTSD"
8035,"learn_2","caud",1,25.2138023376465,"PTSD"
8035,"learn_2","caud",2,-101.392593383789,"PTSD"
8035,"reverse_1","caud",1,-13.0498294830322,"PTSD"
8035,"reverse_1","caud",2,117.775039672852,"PTSD"
8035,"reverse_2","caud",1,-67.7611465454102,"PTSD"
8035,"reverse_2","caud",2,101.779479980469,"PTSD"
8035,"learn_1","hipp",1,-43.6590843200684,"PTSD"
8035,"learn_1","hipp",2,-30.388786315918,"PTSD"
8035,"learn_2","hipp",1,41.0672874450684,"PTSD"
8035,"learn_2","hipp",2,-63.2272491455078,"PTSD"
8035,"reverse_1","hipp",1,-48.6222457885742,"PTSD"
8035,"reverse_1","hipp",2,53.5786666870117,"PTSD"
8035,"reverse_2","hipp",1,-48.5907974243164,"PTSD"
8035,"reverse_2","hipp",2,32.3678321838379,"PTSD"
8035,"learn_1","NAcc",1,-2.6213972568512,"PTSD"
8035,"learn_1","NAcc",2,-51.1884498596191,"PTSD"
8035,"learn_2","NAcc",1,37.3437347412109,"PTSD"
8035,"learn_2","NAcc",2,-17.5642547607422,"PTSD"
8035,"reverse_1","NAcc",1,-75.7635955810547,"PTSD"
8035,"reverse_1","NAcc",2,-135.59065246582,"PTSD"
8035,"reverse_2","NAcc",1,-100.850700378418,"PTSD"
8035,"reverse_2","NAcc",2,-48.9218292236328,"PTSD"
8035,"learn_1","amyg",1,-14.6627197265625,"PTSD"
8035,"learn_1","amyg",2,-32.817325592041,"PTSD"
8035,"learn_2","amyg",1,93.1333923339844,"PTSD"
8035,"learn_2","amyg",2,-55.2732124328613,"PTSD"
8035,"reverse_1","amyg",1,-68.2747344970703,"PTSD"
8035,"reverse_1","amyg",2,15.6065874099731,"PTSD"
8035,"reverse_2","amyg",1,-25.7891464233398,"PTSD"
8035,"reverse_2","amyg",2,-33.1603813171387,"PTSD"
8038,"learn_1","putam",1,-23.7786560058594,"PTSD"
8038,"learn_1","putam",2,-12.739372253418,"PTSD"
8038,"learn_2","putam",1,28.2461166381836,"PTSD"
8038,"learn_2","putam",2,-17.4817142486572,"PTSD"
8038,"reverse_1","putam",1,26.8833770751953,"PTSD"
8038,"reverse_1","putam",2,-55.3901824951172,"PTSD"
8038,"reverse_2","putam",1,1.9590038061142,"PTSD"
8038,"reverse_2","putam",2,-4.57122135162354,"PTSD"
8038,"learn_1","caud",1,-9.07611465454102,"PTSD"
8038,"learn_1","caud",2,11.6065073013306,"PTSD"
8038,"learn_2","caud",1,34.852840423584,"PTSD"
8038,"learn_2","caud",2,-17.4362735748291,"PTSD"
8038,"reverse_1","caud",1,14.6602249145508,"PTSD"
8038,"reverse_1","caud",2,-32.6681365966797,"PTSD"
8038,"reverse_2","caud",1,66.2700042724609,"PTSD"
8038,"reverse_2","caud",2,-27.6543846130371,"PTSD"
8038,"learn_1","hipp",1,-17.4548931121826,"PTSD"
8038,"learn_1","hipp",2,-15.376766204834,"PTSD"
8038,"learn_2","hipp",1,-14.2130079269409,"PTSD"
8038,"learn_2","hipp",2,-64.5015258789062,"PTSD"
8038,"reverse_1","hipp",1,6.50054883956909,"PTSD"
8038,"reverse_1","hipp",2,-13.9170894622803,"PTSD"
8038,"reverse_2","hipp",1,11.035135269165,"PTSD"
8038,"reverse_2","hipp",2,7.15573215484619,"PTSD"
8038,"learn_1","NAcc",1,29.3663101196289,"PTSD"
8038,"learn_1","NAcc",2,30.6196479797363,"PTSD"
8038,"learn_2","NAcc",1,26.2979354858398,"PTSD"
8038,"learn_2","NAcc",2,-38.2150688171387,"PTSD"
8038,"reverse_1","NAcc",1,-4.97152996063232,"PTSD"
8038,"reverse_1","NAcc",2,6.02958059310913,"PTSD"
8038,"reverse_2","NAcc",1,63.5141983032227,"PTSD"
8038,"reverse_2","NAcc",2,-34.4884834289551,"PTSD"
8038,"learn_1","amyg",1,-42.2412261962891,"PTSD"
8038,"learn_1","amyg",2,-40.2904663085938,"PTSD"
8038,"learn_2","amyg",1,6.20967864990234,"PTSD"
8038,"learn_2","amyg",2,-40.9834899902344,"PTSD"
8038,"reverse_1","amyg",1,-6.79551649093628,"PTSD"
8038,"reverse_1","amyg",2,-71.3985137939453,"PTSD"
8038,"reverse_2","amyg",1,101.511535644531,"PTSD"
8038,"reverse_2","amyg",2,18.2686004638672,"PTSD"
8039,"learn_1","putam",1,-29.1929321289062,"PTSD"
8039,"learn_1","putam",2,-51.1514778137207,"PTSD"
8039,"learn_2","putam",1,-22.9705219268799,"PTSD"
8039,"learn_2","putam",2,-45.6854286193848,"PTSD"
8039,"reverse_1","putam",1,0.151559710502625,"PTSD"
8039,"reverse_1","putam",2,-25.0194530487061,"PTSD"
8039,"reverse_2","putam",1,-20.4582633972168,"PTSD"
8039,"reverse_2","putam",2,-39.5568237304688,"PTSD"
8039,"learn_1","caud",1,-41.9182624816895,"PTSD"
8039,"learn_1","caud",2,-44.2457580566406,"PTSD"
8039,"learn_2","caud",1,-31.657356262207,"PTSD"
8039,"learn_2","caud",2,-51.5924110412598,"PTSD"
8039,"reverse_1","caud",1,23.7738971710205,"PTSD"
8039,"reverse_1","caud",2,-13.8916292190552,"PTSD"
8039,"reverse_2","caud",1,-16.0359420776367,"PTSD"
8039,"reverse_2","caud",2,-37.1166534423828,"PTSD"
8039,"learn_1","hipp",1,-48.3756523132324,"PTSD"
8039,"learn_1","hipp",2,-53.564094543457,"PTSD"
8039,"learn_2","hipp",1,-55.1331596374512,"PTSD"
8039,"learn_2","hipp",2,-66.0118637084961,"PTSD"
8039,"reverse_1","hipp",1,-45.8242149353027,"PTSD"
8039,"reverse_1","hipp",2,-58.4817504882812,"PTSD"
8039,"reverse_2","hipp",1,-76.1958541870117,"PTSD"
8039,"reverse_2","hipp",2,-49.1800994873047,"PTSD"
8039,"learn_1","NAcc",1,-78.6664810180664,"PTSD"
8039,"learn_1","NAcc",2,-97.1515350341797,"PTSD"
8039,"learn_2","NAcc",1,-48.3800201416016,"PTSD"
8039,"learn_2","NAcc",2,-77.8481292724609,"PTSD"
8039,"reverse_1","NAcc",1,41.5318984985352,"PTSD"
8039,"reverse_1","NAcc",2,25.5161323547363,"PTSD"
8039,"reverse_2","NAcc",1,-29.640064239502,"PTSD"
8039,"reverse_2","NAcc",2,-71.6965866088867,"PTSD"
8039,"learn_1","amyg",1,-47.7793388366699,"PTSD"
8039,"learn_1","amyg",2,-39.7508239746094,"PTSD"
8039,"learn_2","amyg",1,-31.5056133270264,"PTSD"
8039,"learn_2","amyg",2,-44.5916748046875,"PTSD"
8039,"reverse_1","amyg",1,-67.2987594604492,"PTSD"
8039,"reverse_1","amyg",2,-26.1306686401367,"PTSD"
8039,"reverse_2","amyg",1,-69.7560501098633,"PTSD"
8039,"reverse_2","amyg",2,13.6727323532104,"PTSD"
8040,"learn_1","putam",1,-10.7301263809204,"PTSD"
8040,"learn_1","putam",2,-12.4250030517578,"PTSD"
8040,"learn_2","putam",1,32.8163146972656,"PTSD"
8040,"learn_2","putam",2,73.9463500976562,"PTSD"
8040,"reverse_1","putam",1,4.35587978363037,"PTSD"
8040,"reverse_1","putam",2,7.57353162765503,"PTSD"
8040,"reverse_2","putam",1,-9.66677474975586,"PTSD"
8040,"reverse_2","putam",2,0.500908553600311,"PTSD"
8040,"learn_1","caud",1,-1.3758784532547,"PTSD"
8040,"learn_1","caud",2,-4.40105152130127,"PTSD"
8040,"learn_2","caud",1,15.2498073577881,"PTSD"
8040,"learn_2","caud",2,26.7219734191895,"PTSD"
8040,"reverse_1","caud",1,-7.68586540222168,"PTSD"
8040,"reverse_1","caud",2,16.5455474853516,"PTSD"
8040,"reverse_2","caud",1,-22.1816024780273,"PTSD"
8040,"reverse_2","caud",2,-21.9606094360352,"PTSD"
8040,"learn_1","hipp",1,-11.6012344360352,"PTSD"
8040,"learn_1","hipp",2,-8.96533966064453,"PTSD"
8040,"learn_2","hipp",1,16.0828304290771,"PTSD"
8040,"learn_2","hipp",2,-2.89388275146484,"PTSD"
8040,"reverse_1","hipp",1,-44.2962303161621,"PTSD"
8040,"reverse_1","hipp",2,-69.7169952392578,"PTSD"
8040,"reverse_2","hipp",1,-57.6021461486816,"PTSD"
8040,"reverse_2","hipp",2,-121.113838195801,"PTSD"
8040,"learn_1","NAcc",1,20.5379161834717,"PTSD"
8040,"learn_1","NAcc",2,-70.5618743896484,"PTSD"
8040,"learn_2","NAcc",1,48.71142578125,"PTSD"
8040,"learn_2","NAcc",2,-76.2121200561523,"PTSD"
8040,"reverse_1","NAcc",1,-45.4943313598633,"PTSD"
8040,"reverse_1","NAcc",2,-41.631233215332,"PTSD"
8040,"reverse_2","NAcc",1,-38.7344131469727,"PTSD"
8040,"reverse_2","NAcc",2,-38.2672653198242,"PTSD"
8040,"learn_1","amyg",1,32.2376365661621,"PTSD"
8040,"learn_1","amyg",2,27.3981971740723,"PTSD"
8040,"learn_2","amyg",1,-15.8590526580811,"PTSD"
8040,"learn_2","amyg",2,8.58972263336182,"PTSD"
8040,"reverse_1","amyg",1,-52.8116493225098,"PTSD"
8040,"reverse_1","amyg",2,-134.728897094727,"PTSD"
8040,"reverse_2","amyg",1,-71.4262771606445,"PTSD"
8040,"reverse_2","amyg",2,-104.545639038086,"PTSD"
8041,"learn_1","putam",1,39.1718063354492,"PTSD"
8041,"learn_1","putam",2,-26.4970722198486,"PTSD"
8041,"learn_2","putam",1,-4.80931282043457,"PTSD"
8041,"learn_2","putam",2,10.3551712036133,"PTSD"
8041,"reverse_1","putam",1,11.8594532012939,"PTSD"
8041,"reverse_1","putam",2,-16.6802101135254,"PTSD"
8041,"reverse_2","putam",1,13.5360727310181,"PTSD"
8041,"reverse_2","putam",2,100.329200744629,"PTSD"
8041,"learn_1","caud",1,50.7619934082031,"PTSD"
8041,"learn_1","caud",2,-22.9005508422852,"PTSD"
8041,"learn_2","caud",1,6.08058738708496,"PTSD"
8041,"learn_2","caud",2,33.195384979248,"PTSD"
8041,"reverse_1","caud",1,22.2589588165283,"PTSD"
8041,"reverse_1","caud",2,-23.8266830444336,"PTSD"
8041,"reverse_2","caud",1,33.4527816772461,"PTSD"
8041,"reverse_2","caud",2,166.518417358398,"PTSD"
8041,"learn_1","hipp",1,26.4978828430176,"PTSD"
8041,"learn_1","hipp",2,14.2387075424194,"PTSD"
8041,"learn_2","hipp",1,-28.1045818328857,"PTSD"
8041,"learn_2","hipp",2,-23.8650684356689,"PTSD"
8041,"reverse_1","hipp",1,-1.26225888729095,"PTSD"
8041,"reverse_1","hipp",2,-25.3428058624268,"PTSD"
8041,"reverse_2","hipp",1,-31.932222366333,"PTSD"
8041,"reverse_2","hipp",2,-23.8711357116699,"PTSD"
8041,"learn_1","NAcc",1,81.7730407714844,"PTSD"
8041,"learn_1","NAcc",2,-12.5799741744995,"PTSD"
8041,"learn_2","NAcc",1,-15.9097719192505,"PTSD"
8041,"learn_2","NAcc",2,26.8414936065674,"PTSD"
8041,"reverse_1","NAcc",1,-34.0288047790527,"PTSD"
8041,"reverse_1","NAcc",2,-84.8788375854492,"PTSD"
8041,"reverse_2","NAcc",1,47.4144897460938,"PTSD"
8041,"reverse_2","NAcc",2,242.349075317383,"PTSD"
8041,"learn_1","amyg",1,37.7567901611328,"PTSD"
8041,"learn_1","amyg",2,10.7757873535156,"PTSD"
8041,"learn_2","amyg",1,-35.8859901428223,"PTSD"
8041,"learn_2","amyg",2,-30.317081451416,"PTSD"
8041,"reverse_1","amyg",1,14.9266090393066,"PTSD"
8041,"reverse_1","amyg",2,-20.718469619751,"PTSD"
8041,"reverse_2","amyg",1,-16.0515823364258,"PTSD"
8041,"reverse_2","amyg",2,-88.2328872680664,"PTSD"
8043,"learn_1","putam",1,-9.84378147125244,"PTSD"
8043,"learn_1","putam",2,-37.3012008666992,"PTSD"
8043,"learn_2","putam",1,11.2054901123047,"PTSD"
8043,"reverse_1","putam",1,-47.6825675964355,"PTSD"
8043,"reverse_1","putam",2,-86.1723327636719,"PTSD"
8043,"reverse_2","putam",1,-26.9381542205811,"PTSD"
8043,"reverse_2","putam",2,148.882308959961,"PTSD"
8043,"learn_1","caud",1,-20.5308418273926,"PTSD"
8043,"learn_1","caud",2,-41.7289543151855,"PTSD"
8043,"learn_2","caud",1,37.7844581604004,"PTSD"
8043,"reverse_1","caud",1,-49.7313346862793,"PTSD"
8043,"reverse_1","caud",2,-23.9519329071045,"PTSD"
8043,"reverse_2","caud",1,-52.9865531921387,"PTSD"
8043,"reverse_2","caud",2,276.623657226562,"PTSD"
8043,"learn_1","hipp",1,-26.3181037902832,"PTSD"
8043,"learn_1","hipp",2,-84.6023330688477,"PTSD"
8043,"learn_2","hipp",1,-17.3337059020996,"PTSD"
8043,"reverse_1","hipp",1,-23.2425193786621,"PTSD"
8043,"reverse_1","hipp",2,-66.8270645141602,"PTSD"
8043,"reverse_2","hipp",1,-34.9073104858398,"PTSD"
8043,"reverse_2","hipp",2,84.3219833374023,"PTSD"
8043,"learn_1","NAcc",1,-24.6364822387695,"PTSD"
8043,"learn_1","NAcc",2,-99.7566070556641,"PTSD"
8043,"learn_2","NAcc",1,-52.3701171875,"PTSD"
8043,"reverse_1","NAcc",1,-64.7350616455078,"PTSD"
8043,"reverse_1","NAcc",2,-36.1482543945312,"PTSD"
8043,"reverse_2","NAcc",1,-138.353302001953,"PTSD"
8043,"reverse_2","NAcc",2,12.4613447189331,"PTSD"
8043,"learn_1","amyg",1,-19.0993385314941,"PTSD"
8043,"learn_1","amyg",2,-65.5704040527344,"PTSD"
8043,"learn_2","amyg",1,-21.0977993011475,"PTSD"
8043,"reverse_1","amyg",1,-9.01817989349365,"PTSD"
8043,"reverse_1","amyg",2,-54.438793182373,"PTSD"
8043,"reverse_2","amyg",1,-10.3771896362305,"PTSD"
8043,"reverse_2","amyg",2,142.31120300293,"PTSD"
8044,"learn_1","putam",1,20.0823917388916,"PTSD"
8044,"learn_1","putam",2,-1.59223783016205,"PTSD"
8044,"learn_2","putam",1,22.5589256286621,"PTSD"
8044,"learn_2","putam",2,-0.619218587875366,"PTSD"
8044,"reverse_1","putam",1,6.40205144882202,"PTSD"
8044,"reverse_1","putam",2,-6.95061635971069,"PTSD"
8044,"reverse_2","putam",1,6.48767852783203,"PTSD"
8044,"reverse_2","putam",2,-33.1837158203125,"PTSD"
8044,"learn_1","caud",1,21.3590812683105,"PTSD"
8044,"learn_1","caud",2,-30.028938293457,"PTSD"
8044,"learn_2","caud",1,48.3710670471191,"PTSD"
8044,"learn_2","caud",2,31.3536701202393,"PTSD"
8044,"reverse_1","caud",1,-0.989279329776764,"PTSD"
8044,"reverse_1","caud",2,-43.7858123779297,"PTSD"
8044,"reverse_2","caud",1,24.231538772583,"PTSD"
8044,"reverse_2","caud",2,-24.4645671844482,"PTSD"
8044,"learn_1","hipp",1,-20.6679611206055,"PTSD"
8044,"learn_1","hipp",2,-15.0755195617676,"PTSD"
8044,"learn_2","hipp",1,-50.5967140197754,"PTSD"
8044,"learn_2","hipp",2,-51.7177238464355,"PTSD"
8044,"reverse_1","hipp",1,-53.6557579040527,"PTSD"
8044,"reverse_1","hipp",2,-88.1175155639648,"PTSD"
8044,"reverse_2","hipp",1,-45.958683013916,"PTSD"
8044,"reverse_2","hipp",2,-89.5680770874023,"PTSD"
8044,"learn_1","NAcc",1,-0.0442566387355328,"PTSD"
8044,"learn_1","NAcc",2,-17.8978729248047,"PTSD"
8044,"learn_2","NAcc",1,6.73207426071167,"PTSD"
8044,"learn_2","NAcc",2,-6.55064296722412,"PTSD"
8044,"reverse_1","NAcc",1,-6.82868814468384,"PTSD"
8044,"reverse_1","NAcc",2,-45.1376724243164,"PTSD"
8044,"reverse_2","NAcc",1,19.0565185546875,"PTSD"
8044,"reverse_2","NAcc",2,-47.6209602355957,"PTSD"
8044,"learn_1","amyg",1,28.4284839630127,"PTSD"
8044,"learn_1","amyg",2,28.198091506958,"PTSD"
8044,"learn_2","amyg",1,-28.4583034515381,"PTSD"
8044,"learn_2","amyg",2,-13.5696611404419,"PTSD"
8044,"reverse_1","amyg",1,-37.2549514770508,"PTSD"
8044,"reverse_1","amyg",2,-30.9403190612793,"PTSD"
8044,"reverse_2","amyg",1,43.9023208618164,"PTSD"
8044,"reverse_2","amyg",2,-11.710768699646,"PTSD"
8045,"learn_1","putam",1,0.510055124759674,"PTSD"
8045,"learn_1","putam",2,26.5845794677734,"PTSD"
8045,"learn_2","putam",1,28.4359893798828,"PTSD"
8045,"learn_2","putam",2,45.7242240905762,"PTSD"
8045,"reverse_1","putam",1,15.0210218429565,"PTSD"
8045,"reverse_1","putam",2,20.2515411376953,"PTSD"
8045,"reverse_2","putam",1,-18.7723693847656,"PTSD"
8045,"reverse_2","putam",2,5.91115808486938,"PTSD"
8045,"learn_1","caud",1,22.1804370880127,"PTSD"
8045,"learn_1","caud",2,62.6884918212891,"PTSD"
8045,"learn_2","caud",1,4.6018590927124,"PTSD"
8045,"learn_2","caud",2,107.160179138184,"PTSD"
8045,"reverse_1","caud",1,-22.5362224578857,"PTSD"
8045,"reverse_1","caud",2,-8.92922210693359,"PTSD"
8045,"reverse_2","caud",1,-18.4221782684326,"PTSD"
8045,"reverse_2","caud",2,-0.905003249645233,"PTSD"
8045,"learn_1","hipp",1,7.19919013977051,"PTSD"
8045,"learn_1","hipp",2,12.2355890274048,"PTSD"
8045,"learn_2","hipp",1,-2.11470174789429,"PTSD"
8045,"learn_2","hipp",2,116.915145874023,"PTSD"
8045,"reverse_1","hipp",1,-28.7929935455322,"PTSD"
8045,"reverse_1","hipp",2,-55.0164070129395,"PTSD"
8045,"reverse_2","hipp",1,-41.0611267089844,"PTSD"
8045,"reverse_2","hipp",2,0.420529663562775,"PTSD"
8045,"learn_1","NAcc",1,10.0984506607056,"PTSD"
8045,"learn_1","NAcc",2,45.7989654541016,"PTSD"
8045,"learn_2","NAcc",1,-29.371244430542,"PTSD"
8045,"learn_2","NAcc",2,-156.347503662109,"PTSD"
8045,"reverse_1","NAcc",1,-17.7799015045166,"PTSD"
8045,"reverse_1","NAcc",2,-43.4718322753906,"PTSD"
8045,"reverse_2","NAcc",1,-49.1056480407715,"PTSD"
8045,"reverse_2","NAcc",2,40.1579399108887,"PTSD"
8045,"learn_1","amyg",1,8.21958160400391,"PTSD"
8045,"learn_1","amyg",2,38.2781715393066,"PTSD"
8045,"learn_2","amyg",1,21.0467967987061,"PTSD"
8045,"learn_2","amyg",2,165.910598754883,"PTSD"
8045,"reverse_1","amyg",1,-7.8143458366394,"PTSD"
8045,"reverse_1","amyg",2,-9.77499294281006,"PTSD"
8045,"reverse_2","amyg",1,-93.3022613525391,"PTSD"
8045,"reverse_2","amyg",2,-23.5911273956299,"PTSD"
8046,"learn_1","putam",1,1.901158452034,"PTSD"
8046,"learn_1","putam",2,6.95574045181274,"PTSD"
8046,"learn_2","putam",1,33.4643287658691,"PTSD"
8046,"learn_2","putam",2,30.5443553924561,"PTSD"
8046,"reverse_1","putam",1,-32.9147987365723,"PTSD"
8046,"reverse_1","putam",2,-26.8368282318115,"PTSD"
8046,"reverse_2","putam",1,5.69167327880859,"PTSD"
8046,"reverse_2","putam",2,25.114351272583,"PTSD"
8046,"learn_1","caud",1,-7.56921577453613,"PTSD"
8046,"learn_1","caud",2,-19.3104553222656,"PTSD"
8046,"learn_2","caud",1,32.7519569396973,"PTSD"
8046,"learn_2","caud",2,-1.02818357944489,"PTSD"
8046,"reverse_1","caud",1,-50.1217842102051,"PTSD"
8046,"reverse_1","caud",2,-58.2650184631348,"PTSD"
8046,"reverse_2","caud",1,-8.3368501663208,"PTSD"
8046,"reverse_2","caud",2,46.0615501403809,"PTSD"
8046,"learn_1","hipp",1,0.616218388080597,"PTSD"
8046,"learn_1","hipp",2,1.27726864814758,"PTSD"
8046,"learn_2","hipp",1,11.6105690002441,"PTSD"
8046,"learn_2","hipp",2,5.06873798370361,"PTSD"
8046,"reverse_1","hipp",1,-4.35661268234253,"PTSD"
8046,"reverse_1","hipp",2,-38.231819152832,"PTSD"
8046,"reverse_2","hipp",1,22.9060649871826,"PTSD"
8046,"reverse_2","hipp",2,-43.3520660400391,"PTSD"
8046,"learn_1","NAcc",1,-48.9375495910645,"PTSD"
8046,"learn_1","NAcc",2,-16.0168609619141,"PTSD"
8046,"learn_2","NAcc",1,-15.3110818862915,"PTSD"
8046,"learn_2","NAcc",2,-30.242847442627,"PTSD"
8046,"reverse_1","NAcc",1,-84.0833511352539,"PTSD"
8046,"reverse_1","NAcc",2,-75.0483551025391,"PTSD"
8046,"reverse_2","NAcc",1,-83.5007019042969,"PTSD"
8046,"reverse_2","NAcc",2,-108.482963562012,"PTSD"
8046,"learn_1","amyg",1,-6.60886764526367,"PTSD"
8046,"learn_1","amyg",2,23.6372032165527,"PTSD"
8046,"learn_2","amyg",1,108.700531005859,"PTSD"
8046,"learn_2","amyg",2,78.3537216186523,"PTSD"
8046,"reverse_1","amyg",1,53.4824256896973,"PTSD"
8046,"reverse_1","amyg",2,-45.7984771728516,"PTSD"
8046,"reverse_2","amyg",1,-23.2413539886475,"PTSD"
8046,"reverse_2","amyg",2,-102.173294067383,"PTSD"
